unTplId,strAniTitle
10001,image/npc/headicon_hunhun_male.gif
10002,image/npc/headicon_hunhun_female.gif
10003,image/npc/headicon_gong_male.gif
10004,image/npc/headicon_gong_female.gif
10005,image/npc/headicon_fang_male.gif
10006,image/npc/headicon_fang_female.gif
10007,image/npc/headicon_yanpai_male.gif
10008,image/npc/headicon_zhuyuanzhang.gif
10009,image/npc/headicon_gong_male.gif
10010,image/npc/headicon_gong_male.gif
10011,image/npc/headicon_gong_male.gif
10012,image/npc/headicon_gong_male.gif
10013,image/npc/headicon_gong_male.gif
10014,image/npc/headicon_gong_male.gif
10015,image/npc/headicon_gong_male.gif
10016,image/npc/headicon_gong_male.gif
10017,image/npc/headicon_gong_male.gif
10018,image/npc/headicon_gong_male.gif
10019,image/npc/headicon_gong_male.gif
10020,image/npc/headicon_gong_male.gif
10021,image/npc/headicon_gong_male.gif
10022,image/npc/headicon_gong_male.gif
10023,image/npc/headicon_gong_female.gif
10024,image/npc/headicon_fang_male.gif
10025,image/npc/headicon_fang_male.gif
10026,image/npc/headicon_yuanconghuan.gif
10027,image/npc/headicon_fang_male.gif
10028,image/npc/headicon_fang_female.gif
10029,image/npc/headicon_fang_male.gif
10030,image/npc/headicon_fang_male.gif
10031,image/npc/headicon_fang_male.gif
10032,image/npc/headicon_fang_male.gif
10033,image/npc/headicon_fang_male.gif
10034,image/npc/headicon_fang_male.gif
10035,image/npc/headicon_fang_male.gif
10036,image/npc/headicon_fang_male.gif
10037,image/npc/headicon_fang_male.gif
10038,image/npc/headicon_fang_male.gif
10039,image/npc/headicon_fang_male.gif
10040,image/npc/headicon_yanpai_male.gif
10041,image/npc/headicon_yanpai_male.gif
10042,image/npc/headicon_weizhongxian.gif
10043,image/npc/headicon_yanpai_male.gif
10044,image/npc/headicon_yanpai_male.gif
10045,image/npc/headicon_yanpai_male.gif
10046,image/npc/headicon_yanpai_male.gif
10047,image/npc/headicon_yanpai_male.gif
10048,image/npc/headicon_yanpai_male.gif
10049,image/npc/headicon_yanpai_male.gif
10050,image/npc/headicon_yanpai_male.gif
10051,image/npc/headicon_yanpai_male.gif
10052,image/npc/headicon_yanpai_male.gif
10053,image/npc/headicon_yanpai_male.gif
10054,image/npc/headicon_yanpai_male.gif
10055,image/npc/headicon_yanpai_male.gif
10056,image/npc/headicon_gong_male.gif
10057,image/npc/headicon_gong_male.gif
10058,image/npc/headicon_gong_male.gif
10059,image/npc/headicon_gong_male.gif
10060,image/npc/headicon_gong_male.gif
10061,image/npc/headicon_gong_male.gif
10062,image/npc/headicon_gong_male.gif
10063,image/npc/headicon_gong_male.gif
10064,image/npc/headicon_gong_male.gif
10065,image/npc/headicon_gong_male.gif
10066,image/npc/headicon_gong_male.gif
10067,image/npc/headicon_gong_male.gif
10068,image/npc/headicon_gong_male.gif
10069,image/npc/headicon_gong_male.gif
10070,image/npc/headicon_gong_male.gif
10071,image/npc/headicon_gong_female.gif
10072,image/npc/headicon_gong_female.gif
10073,image/npc/headicon_gong_female.gif
10074,image/npc/headicon_gong_female.gif
10075,image/npc/headicon_gong_female.gif
10076,image/npc/headicon_gong_female.gif
10077,image/npc/headicon_gong_female.gif
10078,image/npc/headicon_gong_female.gif
10079,image/npc/headicon_gong_female.gif
10080,image/npc/headicon_gong_female.gif
10081,image/npc/headicon_gong_female.gif
10082,image/npc/headicon_gong_female.gif
10083,image/npc/headicon_gong_female.gif
10084,image/npc/headicon_gong_female.gif
10085,image/npc/headicon_gong_female.gif
10086,image/npc/headicon_fang_male.gif
10087,image/npc/headicon_fang_male.gif
10088,image/npc/headicon_fang_male.gif
10089,image/npc/headicon_fang_male.gif
10090,image/npc/headicon_fang_male.gif
10091,image/npc/headicon_fang_male.gif
10092,image/npc/headicon_fang_male.gif
10093,image/npc/headicon_fang_male.gif
10094,image/npc/headicon_fang_male.gif
10095,image/npc/headicon_fang_male.gif
10096,image/npc/headicon_fang_male.gif
10097,image/npc/headicon_fang_male.gif
10098,image/npc/headicon_fang_male.gif
10099,image/npc/headicon_fang_male.gif
10100,image/npc/headicon_fang_male.gif
10101,image/npc/headicon_fang_female.gif
10102,image/npc/headicon_fang_female.gif
10103,image/npc/headicon_fang_female.gif
10104,image/npc/headicon_fang_female.gif
10105,image/npc/headicon_fang_female.gif
10106,image/npc/headicon_fang_female.gif
10107,image/npc/headicon_fang_female.gif
10108,image/npc/headicon_fang_female.gif
10109,image/npc/headicon_fang_female.gif
10110,image/npc/headicon_fang_female.gif
10111,image/npc/headicon_fang_female.gif
10112,image/npc/headicon_fang_female.gif
10113,image/npc/headicon_fang_female.gif
10114,image/npc/headicon_fang_female.gif
10115,image/npc/headicon_fang_female.gif
10116,image/npc/headicon_yanpai_male.gif
10117,image/npc/headicon_yanpai_male.gif
10118,image/npc/headicon_yanpai_male.gif
10119,image/npc/headicon_yanpai_male.gif
10120,image/npc/headicon_yanpai_male.gif
10121,image/npc/headicon_yanpai_male.gif
10122,image/npc/headicon_yanpai_male.gif
10123,image/npc/headicon_yanpai_male.gif
10124,image/npc/headicon_yanpai_male.gif
10125,image/npc/headicon_yanpai_male.gif
10126,image/npc/headicon_yanpai_male.gif
10127,image/npc/headicon_yanpai_male.gif
10128,image/npc/headicon_yanpai_male.gif
10129,image/npc/headicon_yanpai_male.gif
10130,image/npc/headicon_yanpai_male.gif
10131,image/npc/headicon_yanpai_male.gif
10132,image/npc/headicon_yanpai_male.gif
10133,image/npc/headicon_yanpai_male.gif
10134,image/npc/headicon_yanpai_male.gif
10135,image/npc/headicon_yanpai_male.gif
10136,image/npc/headicon_yanpai_male.gif
10137,image/npc/headicon_yanpai_male.gif
10138,image/npc/headicon_yanpai_male.gif
10139,image/npc/headicon_yanpai_male.gif
10140,image/npc/headicon_yanpai_male.gif
10141,image/npc/headicon_yanpai_male.gif
10142,image/npc/headicon_yanpai_male.gif
10143,image/npc/headicon_yanpai_male.gif
10144,image/npc/headicon_yanpai_male.gif
10145,image/npc/headicon_yanpai_male.gif
10146,image/npc/headicon_yanpai_male.gif
10147,image/npc/headicon_yanpai_male.gif
10148,image/npc/headicon_yanpai_male.gif
10149,image/npc/headicon_yanpai_male.gif
10150,image/npc/headicon_yanpai_male.gif
10151,image/npc/headicon_yanpai_male.gif
10152,image/npc/headicon_yanpai_male.gif
10153,image/npc/headicon_yanpai_male.gif
10154,image/npc/headicon_yanpai_male.gif
10155,image/npc/headicon_yanpai_male.gif
10156,image/npc/headicon_yanpai_male.gif
10157,image/npc/headicon_yanpai_male.gif
10158,image/npc/headicon_quyuan.gif
10159,image/npc/headicon_fang_female.gif
10160,image/npc/headicon_diaosi_male.gif
10161,image/npc/headicon_zhinv.gif
10162,image/npc/headicon_yanpai_male.gif
10163,image/npc/headicon_gong_female.gif
