unSid,strWord
1,毛泽东
2,周恩来
3,刘少奇
4,朱德
5,彭德怀
6,林彪
7,刘伯承
8,陈毅
9,贺龙
10,聂荣臻
11,徐向前
12,罗荣桓
13,叶剑英
14,李大钊
15,陈独秀
16,孙中山
17,孙文
18,孙逸仙
19,邓小平
20,陈云
21,江泽民
22,李鹏
23,朱镕基
24,李瑞环
25,尉健行
26,李岚清
27,胡锦涛
28,罗干
29,温家宝
30,吴邦国
31,曾庆红
32,贾庆林
33,黄菊
34,吴官正
35,李长春
36,吴仪
37,回良玉
38,曾培炎
39,周永康
40,曹刚川
41,唐家璇
42,华建敏
43,陈至立
44,陈良宇
45,张德江
46,张立昌
47,俞正声
48,王乐泉
49,刘云山
50,王刚
51,王兆国
52,刘淇
53,贺国强
54,郭伯雄
55,胡耀邦
56,王乐泉
57,王兆国
58,周永康
59,李登辉
60,连战
61,陈水扁
62,宋楚瑜
63,吕秀莲
64,郁慕明
65,蒋介石
66,蒋中正
67,蒋经国
68,马英九
69,习近平
70,李克强
71,吴帮国
72,无帮国
73,无邦国
74,无帮过
75,瘟家宝
76,假庆林
77,甲庆林
78,假青林
79,离长春
80,习远平
81,袭近平
82,李磕墙
83,贺过墙
84,和锅枪
85,粥永康
86,轴永康
87,肘永康
88,周健康
89,粥健康
90,周小康
91,布什
92,布莱尔
93,小泉
94,纯一郎
95,萨马兰奇
96,安南
97,阿拉法特
98,普京
99,默克尔
100,克林顿
101,里根
102,尼克松
103,林肯
104,杜鲁门
105,赫鲁晓夫
106,列宁
107,斯大林
108,马克思
109,恩格斯
110,金正日
111,金日成
112,萨达姆
113,胡志明
114,西哈努克
115,希拉克
116,撒切尔
117,阿罗约
118,曼德拉
119,卡斯特罗
120,富兰克林
121,华盛顿
122,艾森豪威尔
123,拿破仑
124,亚历山大
125,路易
126,拉姆斯菲尔德
127,劳拉
128,鲍威尔
129,奥巴马
130,本拉登
131,奥马尔
132,柴玲
133,达赖喇嘛
134,江青
135,张春桥
136,姚文元
137,王洪文
138,东条英机
139,希特勒
140,墨索里尼
141,冈村秀树
142,冈村宁次
143,高丽朴
144,赵紫阳
145,王丹
146,沃尔开西
147,李洪志
148,李大师
149,赖昌星
150,马加爵
151,班禅
152,额尔德尼
153,山本五十六
154,阿扁
155,阿扁万岁
156,热那亚
157,热比娅
158,六四
159,六四运动
160,美国之音
161,密宗
162,民国
163,民进党
164,民运
165,民主
166,民主潮
167,摩门教
168,纳粹
169,南华早报
170,南蛮
171,明慧网
172,起义
173,亲民党
174,瘸腿帮
175,人民报
176,法轮功
177,法轮大法
178,打倒共产党
179,台独万岁
180,圣战
181,示威
182,台独
183,台独分子
184,台联
185,台湾民国
186,台湾岛国
187,台湾国
188,台湾独立
189,太子党
190,天安门事件
191,屠杀
192,小泉
193,新党
194,新疆独立
195,新疆分裂
196,新疆国
197,疆独
198,西藏独立
199,西藏分裂
200,西藏国
201,藏独
202,藏青会
203,藏妇会
204,学潮
205,学运
206,一党专政
207,一中一台
208,两个中国
209,一贯道
210,游行
211,造反
212,真善忍
213,镇压
214,政变
215,政治
216,政治反对派
217,政治犯
218,中共
219,共产党
220,反党
221,反共
222,政府
223,民主党
224,中国之春
225,转法轮
226,自焚
227,共党
228,共匪
229,苏家屯
230,基地组织
231,塔利班
232,东亚病夫
233,支那
234,高治联
235,高自联
236,专政
237,专制
238,世界维吾尔大会
239,核工业基地
240,核武器
241,铀
242,原子弹
243,氢弹
244,导弹
245,核潜艇
246,大参考
247,小参考
248,国内动态清样
249,多维
250,河殇
251,摩门教
252,穆罕默德
253,圣战
254,耶和华
255,耶稣
256,伊斯兰
257,真主安拉
258,白莲教
259,天主教
260,基督教
261,东正教
262,大法
263,法轮
264,法轮功
265,瘸腿帮
266,真理教
267,真善忍
268,转法轮
269,自焚
270,走向圆满
271,黄大仙
272,跳大神
273,神汉
274,神婆
275,真理教
276,大卫教
277,阎王
278,黑白无常
279,牛头马面
280,藏独
281,高丽棒子
282,疆独
283,蒙古鞑子
284,台独
285,台独分子
286,台联
287,台湾民国
288,西藏独立
289,新疆独立
290,南蛮
291,老毛子
292,回民吃猪肉
293,谋杀
294,杀人
295,吸毒
296,贩毒
297,赌博
298,拐卖
299,走私
300,卖淫
301,造反
302,强奸
303,轮奸
304,抢劫
305,先奸后杀
306,下注
307,抽头
308,坐庄
309,赌马
310,赌球
311,筹码
312,老虎机
313,轮盘赌
314,安非他命
315,大麻
316,可卡因
317,海洛因
318,冰毒
319,摇头丸
320,杜冷丁
321,鸦片
322,罂粟
323,迷幻药
324,白粉
325,嗑药
326,吸毒
327,AIDS
328,aids
329,Aids
330,DICK
331,dick
332,Dick
333,penis
334,sex
335,SM
336,屙
337,爱滋
338,淋病
339,梅毒
340,爱液
341,屄
342,逼
343,臭机八
344,臭鸡巴
345,吹喇叭
346,吹箫
347,催情药
348,屌
349,肛交
350,肛门
351,龟头
352,黄色
353,机八
354,机巴
355,鸡八
356,鸡巴
357,机掰
358,机巴
359,鸡叭
360,鸡鸡
361,鸡掰
362,鸡奸
363,妓女
364,奸
365,茎
366,精液
367,精子
368,尻
369,口交
370,滥交
371,乱交
372,轮奸
373,卖淫
374,屁眼
375,嫖娼
376,强奸
377,强奸犯
378,情色
379,肉棒
380,乳房
381,乳峰
382,乳交
383,乳头
384,乳晕
385,三陪
386,色情
387,射精
388,手淫
389,威而钢
390,威而柔
391,伟哥
392,性高潮
393,性交
394,性虐
395,性欲
396,穴
397,颜射
398,阳物
399,一夜情
400,阴部
401,阴唇
402,阴道
403,阴蒂
404,阴核
405,阴户
406,阴茎
407,阴门
408,淫
409,淫秽
410,淫乱
411,淫水
412,淫娃
413,淫液
414,淫汁
415,淫穴
416,淫洞
417,援交妹
418,做爱
419,梦遗
420,阳痿
421,早泄
422,奸淫
423,性欲
424,性交
425,Bitch
426,bt
427,cao
428,FUCK
429,Fuck
430,fuck
431,kao
432,NMD
433,NND
434,sb
435,shit
436,SHIT
437,SUCK
438,Suck
439,tmd
440,TMD
441,tnnd
442,K他命
443,白痴
444,笨蛋
445,屄
446,变态
447,婊子
448,操她妈
449,操妳妈
450,操你
451,操你妈
452,操他妈
453,草你
454,肏
455,册那
456,侧那
457,测拿
458,插
459,蠢猪
460,荡妇
461,发骚
462,废物
463,干她妈
464,干妳
465,干妳娘
466,干你
467,干你妈
468,干你妈B
469,干你妈b
470,干你妈逼
471,干你娘
472,干他妈
473,狗娘养的
474,滚
475,鸡奸
476,贱货
477,贱人
478,烂人
479,老母
480,老土
481,妈比
482,妈的
483,马的
484,妳老母的
485,妳娘的
486,你妈逼
487,破鞋
488,仆街
489,去她妈
490,去妳的
491,去妳妈
492,去你的
493,去你妈
494,去死
495,去他妈
496,日
497,日你
498,赛她娘
499,赛妳娘
500,赛你娘
501,赛他娘
502,骚货
503,傻B
504,傻比
505,傻子
506,上妳
507,上你
508,神经病
509,屎
510,屎妳娘
511,屎你娘
512,他妈的
513,王八蛋
514,我操
515,我日
516,乡巴佬
517,猪猡
518,屙
519,干
520,尿
521,掯
522,屌
523,操
524,骑你
525,湿了
526,操你
527,操他
528,操她
529,骑你
530,骑他
531,骑她
532,欠骑
533,欠人骑
534,来爽我
535,来插我
536,干你
537,干他
538,干她
539,干死
540,干爆
541,干机
542,FUCK
543,机叭
544,臭鸡
545,臭机
546,烂鸟
547,览叫
548,阳具
549,肉棒
550,肉壶
551,奶子
552,摸咪咪
553,SUCK
554,PENIS
555,BITCH
556,TMD
557,BLOW
558,JOB
559,KISS
560,MY
561,ASS
562,SHIT
563,干鸡
564,干入
565,小穴
566,强奸
567,插你
568,插你
569,爽你
570,爽你
571,干干
572,干X
573,我操
574,他干
575,干它
576,干牠
577,干您
578,干汝
579,干林
580,操林
581,干尼
582,操尼
583,我咧干
584,干勒
585,干我
586,干到
587,干啦
588,干爽
589,欠干
590,狗干
591,我干
592,来干
593,轮干
594,轮流干
595,干一干
596,援交
597,骑你
598,我操
599,轮奸
600,鸡奸
601,奸暴
602,再奸
603,我奸
604,奸你
605,奸你
606,奸他
607,奸她
608,奸一奸
609,淫水
610,淫湿
611,鸡歪
612,仆街
613,臭西
614,尻
615,遗精
616,烂逼
617,大血比
618,叼你妈
619,靠你妈
620,草你
621,干你
622,日你
623,插你
624,奸你
625,戳你
626,逼你老母
627,挨球
628,我日你
629,草拟妈
630,卖逼
631,狗操卖逼
632,奸淫
633,日死
634,奶子
635,阴茎
636,奶娘
637,他娘
638,她娘
639,骚B
640,你妈了妹
641,逼毛
642,插你妈
643,叼你
644,渣波波
645,嫩b
646,weelaa
647,缔顺
648,帝顺
649,蒂顺
650,系统消息
651,午夜
652,看下
653,草泥马
654,法克鱿
655,雅蠛蝶
656,潜烈蟹
657,菊花蚕
658,尾申鲸
659,吉跋猫
660,搞栗棒
661,吟稻雁
662,达菲鸡
663,SM
664,ML
665,3P
666,群P
667,马勒戈壁
668,双飞
669,ADMIN
670,Admin
671,xtl
672,system
673,admin
674,Administrator
675,administrator
676,管理
677,管里
678,管理员
679,服务管理
680,服务器
681,活动管理员
682,官方
683,维护
684,系统
685,系统公告
686,审查
687,巡查
688,监督
689,监管
690,game
691,master
692,GAMEMASTER
693,GameMaster
694,GM
695,Gm
696,gm
697,gM
698,游戏管理员
699,Client
700,Server
701,CS
702,Cs
703,cs
704,cS
705,KEFU
706,kefu
707,Kefu
708,KeFu
709,助理
710,客户服务
711,客服
712,服务天使
713,TEsT
714,tESt
715,test
716,test
717,TeSt
718,tEST
719,Test
720,测试
721,辅助程序
722,运营
723,运营者
724,运营组
725,运营商
726,运营长
727,运营官
728,运营人
729,sf
730,私服
731,私人服务器
732,wg
733,外挂
734,开房
735,ㄅ
736,ㄆ
737,ㄇ
738,ㄈ
739,ㄉ
740,ㄊ
741,ㄋ
742,ㄌ
743,ㄍ
744,ㄎ
745,ㄏ
746,ㄐ
747,ㄑ
748,ㄒ
749,ㄓ
750,ㄔ
751,ㄕ
752,ㄖ
753,ㄗ
754,ㄘ
755,ㄙ
756,ㄚ
757,ㄛ
758,ㄜ
759,ㄝ
760,ㄞ
761,ㄟ
762,ㄠ
763,ㄡ
764,ㄢ
765,ㄣ
766,ㄤ
767,ㄥ
768,ㄦ
769,ㄧ
770,ㄨ
771,ㄩ
772,鞴
773,鐾
774,瘭
775,镳
776,黪
777,瘥
778,觇
779,孱
780,廛
781,蒇
782,冁
783,羼
784,螭
785,傺
786,瘛
787,舂
788,艟
789,瘳
790,雠
791,搋
792,嘬
793,辏
794,殂
795,汆
796,爨
797,榱
798,毳
799,皴
800,蹉
801,鹾
802,纛
803,髑屙民
804,莪
805,苊
806,鲕
807,鲼
808,瀵
809,酆
810,幞
811,黻
812,呒
813,黼
814,阝
815,阝月
816,彀
817,觏
818,毂
819,汩
820,罟
821,嘏
822,鲴
823,宄
824,庋
825,刿
826,虢
827,馘
828,撖
829,夯
830,薅
831,曷
832,翮
833,曷
834,翮
835,觳
836,冱
837,怙
838,戽
839,祜
840,瓠
841,鹱
842,溷
843,耠
844,锪
845,劐
846,蠖
847,丌
848,乩
849,赍
850,殛
851,蕺
852,掎
853,彐
854,芰
855,跽
856,鲚
857,葭
858,恝
859,湔
860,搛
861,鲣
862,鞯
863,囝
864,趼
865,醮
866,疖
867,苣
868,屦
869,醵
870,蠲
871,桊
872,鄄
873,谲
874,爝
875,麇
876,贶
877,悝
878,喟
879,仂
880,泐
881,鳓
882,诔
883,酹
884,嫠
885,黧
886,蠡
887,醴
888,鳢
889,轹
890,詈
891,跞
892,奁
893,臁
894,蚍
895,埤
896,罴
897,鼙
898,庀
899,仳
900,圮綦
901,屺
902,綮
903,汔
904,碛
905,葜
906,佥
907,岍
908,愆
909,搴
910,钤
911,掮
912,凵
913,肷
914,椠
915,戕
916,锖
917,檠
918,苘
919,謦
920,庆红
921,跫
922,銎
923,邛
924,筇
925,蛩鼽
926,诎
927,麴
928,黢
929,劬
930,朐
931,璩
932,蘧
933,衢
934,蠼毵
935,糁
936,dishun
937,Dishun
938,DISHUN
939,DiShun
940,16大
941,18摸
942,21世纪中国基金会
943,6-4tianwang
944,89-64cdjp
945,ADMIN
946,AIDS
947,Aiort墓地
948,ai滋
949,Arqus会议场
950,asshole
951,Atan的移动石
952,A片
953,Baichi
954,Baopi
955,Bao皮
956,bastard
957,Bc
958,biaozi
959,Biao子
960,bignews
961,bitch
962,Bi样
963,BLOWJOB
964,boxun
965,B样
966,caoB
967,caobi
968,cao你
969,cao你妈
970,cao你大爷
971,cha你
972,chinaliberal
973,chinamz
974,chinesenewsnet
975,Clockgemstone
976,cnd
977,creaders
978,Crestbone
979,dafa
980,dajiyuan
981,damn
982,dfdz
983,DICK
984,dpp
985,EVENT
986,falu
987,falun
988,falundafa
989,fa轮
990,Feelmistone
991,Fku
992,FLG
993,flg
994,freechina
995,freedom
996,freenet
997,Fuck
998,fuck
999,GAMEMASTER
1000,gan你
1001,GCD
1002,gcd
1003,GM
1004,Gruepin
1005,HACKING
1006,hongzhi
1007,hrichina
1008,http
1009,huanet
1010,hypermart.net
1011,incest
1012,item
1013,J8
1014,JB
1015,jiangdongriji
1016,jian你
1017,jiaochuang
1018,jiaochun
1019,jiba
1020,jinv
1021,Ji女
1022,Kao
1023,KISSMYASS
1024,lihongzhi
1025,Mai骚
1026,making
1027,minghui
1028,minghuinews
1029,nacb
1030,naive
1031,Neckromancer
1032,nmis
1033,paper64
1034,peacehall
1035,PENIS
1036,playboy
1037,pussy
1038,qiangjian
1039,Rape
1040,renminbao
1041,renmingbao
1042,rfa
1043,safeweb
1044,saobi
1045,sb
1046,SEX
1047,sex
1048,sf
1049,SHIT
1050,shit
1051,simple
1052,SUCK
1053,sucker
1054,svdc
1055,System
1056,taip
1057,TEST
1058,The9
1059,The9City
1060,tibetalk
1061,TMD
1062,TNND
1063,triangle
1064,triangleboy
1065,Tringel
1066,UltraSurf
1067,unixbox
1068,ustibet
1069,voa
1070,voachinese
1071,wangce
1072,WEBZEN
1073,WG
1074,wstaiji
1075,xinsheng
1076,yuming
1077,zhengjian
1078,zhengjianwang
1079,zhenshanren
1080,zhuanfalunADMIN
1081,AIDS
1082,AIORT墓地
1083,AI滋
1084,ARQUS会议场
1085,ASSHOLE
1086,ATAN的移动石
1087,A片
1088,BAICHI
1089,BAOPI
1090,BAO皮
1091,BASTARD
1092,BC
1093,BIAOZI
1094,BIAO子
1095,BIGNEWS
1096,BITCH
1097,BI样
1098,BLOWJOB
1099,BOXUN
1100,B样
1101,CAOB
1102,CAOBI
1103,CAO你
1104,CC小雪
1105,CHA你
1106,CHINALIBERAL
1107,CHINAMZ
1108,CHINESENEWSNET
1109,CLOCKGEMSTONE
1110,CND
1111,CREADERS
1112,CRESTBONE
1113,DAFA
1114,DAJIYUAN
1115,DAMN
1116,DFDZ
1117,DICK
1118,DPP
1119,EVENT
1120,FALU
1121,FALUN
1122,FALUNDAFA
1123,FA轮
1124,FEELMISTONE
1125,FKU
1126,FLG
1127,FREECHINA
1128,FREEDOM
1129,FREENET
1130,FUCK
1131,GAMEMASTER
1132,GAN你
1133,GCD
1134,GM
1135,GRUEPIN
1136,HACKING
1137,HONGZHI
1138,HRICHINA
1139,HTTP
1140,HUANET
1141,HYPERMART.NET
1142,INCEST
1143,ITEM
1144,J8
1145,JB
1146,JIANGDONGRIJI
1147,JIAN你
1148,JIAOCHUANG
1149,JIAOCHUN
1150,JIBA
1151,JINV
1152,JI女
1153,KAO
1154,KISSMYASS
1155,㎏
1156,LIHONGZHI
1157,MAI骚
1158,MAKING
1159,MINGHUI
1160,MINGHUINEWS
1161,㎎
1162,㎜
1163,NACB
1164,NAIVE
1165,NECKROMANCER
1166,NMIS
1167,PAPER64
1168,PEACEHALL
1169,PENIS
1170,PLAYBOY
1171,PUSSY
1172,QIANGJIAN
1173,RAPE
1174,RENMINBAO
1175,RENMINGBAO
1176,RFA
1177,SAFEWEB
1178,SAOBI
1179,SB
1180,SEX
1181,SF
1182,SHIT
1183,SIMPLE
1184,SUCK
1185,SUCKER
1186,SVDC
1187,SYSTEM
1188,TAIP
1189,TEST
1190,THE9
1191,THE9CITY
1192,TIBETALK
1193,TMD
1194,TNND
1195,TRIANGLE
1196,TRIANGLEBOY
1197,TRINGEL
1198,ULTRASURF
1199,UNIXBOX
1200,USTIBET
1201,VOA
1202,VOACHINESE
1203,WANGCE
1204,WEBZEN
1205,WG
1206,WSTAIJI
1207,WWW
1208,WWW.
1209,XINSHENG
1210,YUMING
1211,ZHENGJIAN
1212,ZHENGJIANWANG
1213,ZHENSHANREN
1214,ZHUANFALUN
1215,周恩來
1216,碡
1217,籀
1218,朱駿
1219,朱狨基
1220,朱容基
1221,朱溶剂
1222,朱熔基
1223,朱镕基
1224,邾
1225,猪操
1226,猪聋畸
1227,猪毛
1228,猪毛1
1229,舳
1230,瘃
1231,躅
1232,翥
1233,專政
1234,颛
1235,丬
1236,隹
1237,窀
1238,卓伯源
1239,倬
1240,斫
1241,诼
1242,髭
1243,鲻
1244,子宫
1245,秭
1246,訾
1247,自焚
1248,自民党
1249,自慰
1250,自已的故事
1251,自由民主论坛
1252,总理
1253,偬
1254,诹
1255,陬
1256,鄹
1257,鲰
1258,躜
1259,缵
1260,作爱
1261,作秀
1262,阼
1263,祚
1264,做爱
1265,阿扁萬歲
1266,阿萊娜
1267,啊無卵
1268,埃裏克蘇特勤
1269,埃斯萬
1270,艾麗絲
1271,愛滋
1272,愛滋病
1273,垵
1274,暗黑法師
1275,嶴
1276,奧克拉
1277,奧拉德
1278,奧利弗
1279,奧魯奇
1280,奧倫
1281,奧特蘭
1282,㈧
1283,巴倫侍從
1284,巴倫坦
1285,白立樸
1286,白夢
1287,白皮書
1288,班禪
1289,寶石商人
1290,保釣
1291,鮑戈
1292,鮑彤
1293,鮑伊
1294,暴風亡靈
1295,暴亂
1296,暴熱的戰士
1297,暴躁的城塔野獸
1298,暴躁的警衛兵靈魂
1299,暴躁的馬杜克
1300,北大三角地論壇
1301,北韓
1302,北京當局
1303,北美自由論壇
1304,貝尤爾
1305,韝
1306,逼樣
1307,比樣
1308,蹕
1309,颮
1310,鑣
1311,婊子養的
1312,賓周
1313,冰後
1314,博訊
1315,不滅帝王
1316,不爽不要錢
1317,布萊爾
1318,布雷爾
1319,蔡崇國
1320,蔡啓芳
1321,黲
1322,操鶏
1323,操那嗎B
1324,操那嗎逼
1325,操那嗎比
1326,操你媽
1327,操你爺爺
1328,曹長青
1329,曹剛川
1330,草
1331,草你媽
1332,草擬媽
1333,册那娘餓比
1334,插那嗎B
1335,插那嗎逼
1336,插那嗎比
1337,插你媽
1338,插你爺爺
1339,覘
1340,蕆
1341,囅
1342,閶
1343,長官沙塔特
1344,常勁
1345,朝鮮
1346,車侖
1347,車侖女幹
1348,沉睡圖騰
1349,陳炳基
1350,陳博志
1351,陳定南
1352,陳建銘
1353,陳景俊
1354,陳菊
1355,陳軍
1356,陳良宇
1357,陳蒙
1358,陳破空
1359,陳水扁
1360,陳唐山
1361,陳希同
1362,陳小同
1363,陳宣良
1364,陳學聖
1365,陳一諮
1366,陳總統
1367,諶
1368,齔
1369,櫬
1370,讖
1371,程凱
1372,程鐵軍
1373,鴟
1374,痴鳩
1375,痴拈
1376,遲鈍的圖騰
1377,持不同政見
1378,赤色騎士
1379,赤色戰士
1380,處女膜
1381,傳染性病
1382,吹簫
1383,春夏自由論壇
1384,戳那嗎B
1385,戳那嗎逼
1386,戳那嗎比
1387,輳
1388,鹺
1389,錯B
1390,錯逼
1391,錯比
1392,錯那嗎B
1393,錯那嗎逼
1394,錯那嗎比
1395,達夫警衛兵
1396,達夫侍從
1397,達癩
1398,打飛機
1399,大參考
1400,大東亞
1401,大東亞共榮
1402,大鶏巴
1403,大紀元
1404,大紀元新聞網
1405,大紀園
1406,大家論壇
1407,大奶媽
1408,大史記
1409,大史紀
1410,大衛教
1411,大中國論壇
1412,大中華論壇
1413,大衆真人真事
1414,紿
1415,戴維教
1416,戴相龍
1417,彈劾
1418,氹
1419,蕩婦
1420,導師
1421,盜竊犯
1422,德維爾
1423,登輝
1424,鄧笑貧
1425,糴
1426,迪裏夏提
1427,覿
1428,地下教會
1429,帝國主義
1430,電視流氓
1431,叼你媽
1432,釣魚島
1433,丁關根
1434,東北獨立
1435,東部地下水路
1436,東方紅時空
1437,東方時空
1438,東南西北論談
1439,東社
1440,東升
1441,東條
1442,東條英機
1443,東突暴動
1444,東突獨立
1445,東土耳其斯坦
1446,東西南北論壇
1447,東亞
1448,東院看守
1449,動亂
1450,鬥士哈夫拉蘇
1451,鬥士霍克
1452,獨裁
1453,獨裁政治
1454,獨夫
1455,獨立臺灣會
1456,俄國
1457,鮞
1458,㈡
1459,發楞
1460,發掄
1461,發掄功
1462,發倫
1463,發倫功
1464,發輪
1465,發論
1466,發論公
1467,發論功
1468,發騷
1469,發正念
1470,法~倫
1471,法~淪
1472,法~綸
1473,法~輪
1474,法~論
1475,法爾卡
1476,法掄
1477,法掄功
1478,法侖
1479,法淪
1480,法綸
1481,法輪大法
1482,法輪功
1483,法十輪十功
1484,法謫
1485,法謫功
1486,反封鎖
1487,反封鎖技術
1488,反腐敗論壇
1489,反人類
1490,反社會
1491,方勵之
1492,防衛指揮官
1493,放蕩
1494,飛揚論壇
1495,廢墟守護者
1496,費鴻泰
1497,費良勇
1498,分隊長施蒂文
1499,粉飾太平
1500,糞便
1501,鱝
1502,豐饒的果實
1503,風雨神州
1504,風雨神州論壇
1505,封從德
1506,封殺
1507,封印的靈魂騎士
1508,馮東海
1509,馮素英
1510,紱
1511,襆
1512,嘸
1513,傅作義
1514,幹bi
1515,幹逼
1516,幹比
1517,幹的你
1518,幹幹幹
1519,幹她
1520,幹你
1521,幹你老比
1522,幹你老母
1523,幹你娘
1524,幹全家
1525,幹死
1526,幹死你
1527,幹他
1528,幹一家
1529,趕你娘
1530,岡巒
1531,剛比
1532,剛比樣子
1533,崗哨士兵
1534,肛門
1535,高麗棒子
1536,高文謙
1537,高薪養廉
1538,高自聯
1539,膏藥旗
1540,戈瑞爾德
1541,戈揚
1542,鴿派
1543,歌功頌德
1544,格雷(關卡排名管理者)
1545,格魯
1546,格魯(城鎮移動)
1547,鯁
1548,工自聯
1549,弓雖
1550,共産
1551,共産黨
1552,共産主義
1553,共黨
1554,共軍
1555,共榮圈
1556,緱
1557,狗誠
1558,狗狼養的
1559,狗娘養的
1560,狗養
1561,狗雜種
1562,覯
1563,轂
1564,古龍祭壇
1565,骨獅
1566,鯝
1567,鴰
1568,詿
1569,關卓中
1570,貫通兩極法
1571,廣聞
1572,嬀
1573,龜兒子
1574,龜公
1575,龜孫子
1576,龜頭
1577,龜投
1578,劌
1579,緄
1580,滾那嗎
1581,滾那嗎B
1582,滾那嗎錯比
1583,滾那嗎老比
1584,滾那嗎瘟比
1585,鯀
1586,咼
1587,郭俊銘
1588,郭羅基
1589,郭岩華
1590,國家安全
1591,國家機密
1592,國軍
1593,國賊
1594,哈爾羅尼
1595,頇
1596,韓東方
1597,韓聯潮
1598,韓正
1599,漢奸
1600,顥
1601,灝
1602,河殤
1603,賀國强
1604,賀龍
1605,黑社會
1606,黑手黨
1607,紅燈區
1608,紅色恐怖
1609,紅炎猛獸
1610,洪傳
1611,洪興
1612,洪哲勝
1613,黌
1614,鱟
1615,胡緊掏
1616,胡錦滔
1617,胡錦淘
1618,胡景濤
1619,胡喬木
1620,胡總書記
1621,湖岸護衛兵
1622,湖岸警衛兵
1623,湖岸哨兵隊長
1624,護法
1625,鸌
1626,華建敏
1627,華通時事論壇
1628,華夏文摘
1629,華語世界論壇
1630,華岳時事論壇
1631,懷特
1632,鍰
1633,皇軍
1634,黃伯源
1635,黃慈萍
1636,黃禍
1637,黃劍輝
1638,黃金幼龍
1639,黃菊
1640,黃片
1641,黃翔
1642,黃義交
1643,黃仲生
1644,回民暴動
1645,噦
1646,繢
1647,毀滅步兵
1648,毀滅騎士
1649,毀滅射手
1650,昏迷圖騰
1651,混亂的圖騰
1652,鍃
1653,活動
1654,擊倒圖騰
1655,擊傷的圖騰
1656,鶏8
1657,鶏八
1658,鶏巴
1659,鶏吧
1660,鶏鶏
1661,鶏奸
1662,鶏毛信文匯
1663,鶏女
1664,鶏院
1665,姬勝德
1666,積克館
1667,賫
1668,鱭
1669,賈廷安
1670,賈育台
1671,戔
1672,監視塔
1673,監視塔哨兵
1674,監視塔哨兵隊長
1675,鰹
1676,韉
1677,簡肇棟
1678,建國黨
1679,賤B
1680,賤bi
1681,賤逼
1682,賤比
1683,賤貨
1684,賤人
1685,賤種
1686,江八點
1687,江羅
1688,江綿恒
1689,江戲子
1690,江則民
1691,江澤慧
1692,江賊
1693,江賊民
1694,薑春雲
1695,將則民
1696,僵賊
1697,僵賊民
1698,講法
1699,蔣介石
1700,蔣中正
1701,降低命中的圖騰
1702,醬猪媳
1703,撟
1704,狡猾的達夫
1705,矯健的馬努爾
1706,嶠
1707,教養院
1708,癤
1709,揭批書
1710,訐
1711,她媽
1712,届中央政治局委員
1713,金槍不倒
1714,金堯如
1715,金澤辰
1716,巹
1717,錦濤
1718,經文
1719,經血
1720,莖候佳陰
1721,荊棘護衛兵
1722,靖國神社
1723,㈨
1724,舊斗篷哨兵
1725,齟
1726,巨槌騎兵
1727,巨鐵角哈克
1728,鋸齒通道被遺弃的骷髏
1729,鋸齒通道骷髏
1730,屨
1731,棬
1732,絕望之地
1733,譎
1734,軍妓
1735,開苞
1736,開放雜志
1737,凱奧勒尼什
1738,凱爾本
1739,凱爾雷斯
1740,凱特切爾
1741,砍翻一條街
1742,看中國
1743,闞
1744,靠你媽
1745,柯賜海
1746,柯建銘
1747,科萊爾
1748,克萊恩
1749,克萊特
1750,克勞森
1751,客戶服務
1752,緙
1753,空氣精靈
1754,空虛的伊坤
1755,空虛之地
1756,恐怖主義
1757,瞘
1758,嚳
1759,鄺錦文
1760,貺
1761,昆圖
1762,拉姆斯菲爾德
1763,拉皮條
1764,萊特
1765,賴士葆
1766,蘭迪
1767,爛B
1768,爛逼
1769,爛比
1770,爛袋
1771,爛貨
1772,濫B
1773,濫逼
1774,濫比
1775,濫貨
1776,濫交
1777,勞動教養所
1778,勞改
1779,勞教
1780,鰳
1781,雷尼亞
1782,誄
1783,李紅痔
1784,李洪寬
1785,李繼耐
1786,李蘭菊
1787,李老師
1788,李錄
1789,李祿
1790,李慶安
1791,李慶華
1792,李淑嫻
1793,李鐵映
1794,李旺陽
1795,李小鵬
1796,李月月鳥
1797,李志綏
1798,李總理
1799,李總統
1800,裏菲斯
1801,鱧
1802,轢
1803,躒
1804,奩
1805,連方瑀
1806,連惠心
1807,連勝德
1808,連勝文
1809,連戰
1810,聯總
1811,廉政大論壇
1812,煉功
1813,兩岸關係
1814,兩岸三地論壇
1815,兩個中國
1816,兩會
1817,兩會報道
1818,兩會新聞
1819,廖錫龍
1820,林保華
1821,林長盛
1822,林佳龍
1823,林信義
1824,林正勝
1825,林重謨
1826,躪
1827,淩鋒
1828,劉賓深
1829,劉賓雁
1830,劉剛
1831,劉國凱
1832,劉華清
1833,劉俊國
1834,劉凱中
1835,劉千石
1836,劉青
1837,劉山青
1838,劉士賢
1839,劉文勝
1840,劉文雄
1841,劉曉波
1842,劉曉竹
1843,劉永川
1844,㈥
1845,鷚
1846,龍虎豹
1847,龍火之心
1848,盧卡
1849,盧西德
1850,陸委會
1851,輅
1852,呂京花
1853,呂秀蓮
1854,亂交
1855,亂倫
1856,亂輪
1857,鋝
1858,掄功
1859,倫功
1860,輪大
1861,輪功
1862,輪奸
1863,論壇管理員
1864,羅福助
1865,羅幹
1866,羅禮詩
1867,羅文嘉
1868,羅志明
1869,腡
1870,濼
1871,洛克菲爾特
1872,媽B
1873,媽比
1874,媽的
1875,媽批
1876,馬大維
1877,馬克思
1878,馬良駿
1879,馬三家
1880,馬時敏
1881,馬特斯
1882,馬英九
1883,馬永成
1884,瑪麗亞
1885,瑪雅
1886,嗎的
1887,嗎啡
1888,勱
1889,麥克斯
1890,賣逼
1891,賣比
1892,賣國
1893,賣騷
1894,賣淫
1895,瞞報
1896,毛厠洞
1897,毛賊
1898,毛賊東
1899,美國
1900,美國參考
1901,美國佬
1902,美國之音
1903,蒙獨
1904,蒙古達子
1905,蒙古獨
1906,蒙古獨立
1907,禰
1908,羋
1909,綿恒
1910,黽
1911,民國
1912,民進黨
1913,民聯
1914,民意論壇
1915,民陣
1916,民主墻
1917,緡
1918,湣
1919,鰵
1920,摸你鶏巴
1921,莫偉强
1922,木子論壇
1923,內褲
1924,內衣
1925,那嗎B
1926,那嗎逼
1927,那嗎錯比
1928,那嗎老比
1929,那嗎瘟比
1930,那娘錯比
1931,納粹
1932,奶頭
1933,南大自由論壇
1934,南蠻子
1935,鬧事
1936,能樣
1937,尼奧夫
1938,倪育賢
1939,鯢
1940,你媽
1941,你媽逼
1942,你媽比
1943,你媽的
1944,你媽了妹
1945,你說我說論壇
1946,你爺
1947,娘餓比
1948,捏你鶏巴
1949,儂著岡巒
1950,儂著卵拋
1951,奴隸魔族士兵
1952,女幹
1953,女主人羅姬馬莉
1954,儺
1955,諾姆
1956,潘國平
1957,蹣
1958,龐建國
1959,泡沫經濟
1960,轡
1961,噴你
1962,皮條客
1963,羆
1964,諞
1965,潑婦
1966,齊墨
1967,齊諾
1968,騎你
1969,磧
1970,僉
1971,鈐
1972,錢達
1973,錢國梁
1974,錢其琛
1975,膁
1976,槧
1977,錆
1978,繰
1979,喬石
1980,喬伊
1981,橋侵襲兵
1982,譙
1983,鞽
1984,篋
1985,親美
1986,親民黨
1987,親日
1988,欽本立
1989,禽獸
1990,唚
1991,輕舟快訊
1992,情婦
1993,情獸
1994,檾
1995,慶紅
1996,丘垂貞
1997,詘
1998,去你媽的
1999,闃
2000,全國兩會
2001,全國人大
2002,犬
2003,綣
2004,瘸腿幫
2005,愨
2006,讓你操
2007,熱比婭
2008,熱站政論網
2009,人民報
2010,人民大會堂
2011,人民內情真相
2012,人民真實
2013,人民之聲論壇
2014,人權
2015,日本帝國
2016,日軍
2017,日內瓦金融
2018,日你媽
2019,日你爺爺
2020,日朱駿
2021,顬
2022,乳頭
2023,乳暈
2024,瑞士金融大學
2025,薩達姆
2026,三K黨
2027,三個代表
2028,三級片
2029,三去車侖工力
2030,㈢
2031,毿
2032,糝
2033,騷B
2034,騷棒
2035,騷包
2036,騷逼
2037,騷棍
2038,騷貨
2039,騷鶏
2040,騷卵
2041,殺你全家
2042,殺你一家
2043,殺人犯
2044,傻鳥
2045,煞筆
2046,山口組
2047,善惡有報
2048,上訪
2049,上海幫
2050,上海孤兒院
2051,厙
2052,社會主義
2053,射了還說要
2054,灄
2055,詵
2056,神經病
2057,諗
2058,生孩子沒屁眼
2059,生命分流的圖騰
2060,澠
2061,聖射手
2062,聖戰
2063,盛華仁
2064,濕了還說不要
2065,濕了還說要
2066,釃
2067,鯴
2068,㈩
2069,石化圖騰
2070,石拳戰鬥兵
2071,時代論壇
2072,時事論壇
2073,鰣
2074,史萊姆
2075,史萊姆王
2076,士兵管理員瓦爾臣
2077,世界經濟導報
2078,事實獨立
2079,侍從貝赫爾特
2080,侍從倫斯韋
2081,貰
2082,攄
2083,數據中國
2084,雙十節
2085,氵去車侖工力
2086,氵去車侖工力?
2087,稅力
2088,司馬晋
2089,司馬璐
2090,司徒華
2091,私?服
2092,私處
2093,思科羅
2094,斯諾
2095,斯皮爾德
2096,四川獨
2097,四川獨立
2098,四人幫
2099,㈣
2100,宋書元
2101,藪
2102,蘇菲爾
2103,蘇拉
2104,蘇南成
2105,蘇紹智
2106,蘇特勒守護兵
2107,蘇特勤
2108,蘇特勤護衛兵
2109,蘇特勤魔法師
2110,蘇曉康
2111,蘇盈貴
2112,蘇貞昌
2113,誶
2114,碎片製造商人馬克
2115,碎片製造商人蘇克
2116,孫大千
2117,孫中山
2118,他媽
2119,他媽的
2120,他嗎的
2121,他母親
2122,塔內
2123,塔烏
2124,鰨
2125,闥
2126,臺盟
2127,臺灣帝國
2128,臺灣獨立
2129,臺灣獨
2130,臺灣共産黨
2131,臺灣狗
2132,臺灣建國運動組織
2133,臺灣民國
2134,臺灣青年獨立聯盟
2135,臺灣政論區
2136,臺灣自由聯盟
2137,鮐
2138,太監
2139,泰奴橋警衛兵
2140,泰奴橋掠奪者
2141,湯光中
2142,唐柏橋
2143,鞀
2144,謄
2145,天安門
2146,天安門錄影帶
2147,天安門事件
2148,天安門屠殺
2149,天安門一代
2150,天閹
2151,田紀雲
2152,齠
2153,鰷
2154,銚
2155,庭院警衛兵
2156,統獨
2157,統獨論壇
2158,統戰
2159,頭領奧馬
2160,頭領墳墓管理員
2161,圖書管理員卡特
2162,屠殺
2163,團長戈登
2164,團員馬爾汀
2165,摶
2166,鼉
2167,籜
2168,膃
2169,外交論壇
2170,外交與方略
2171,晚年周恩來
2172,綰
2173,萬里
2174,萬潤南
2175,萬維讀者論壇
2176,萬曉東
2177,王寶森
2178,王超華
2179,王輔臣
2180,王剛
2181,王涵萬
2182,王滬寧
2183,王軍濤
2184,王樂泉
2185,王潤生
2186,王世堅
2187,王世勛
2188,王秀麗
2189,王兆國
2190,網禪
2191,網特
2192,猥褻
2193,鮪
2194,溫B
2195,溫逼
2196,溫比
2197,溫家寶
2198,溫元凱
2199,閿
2200,無界瀏覽器
2201,吳百益
2202,吳敦義
2203,吳方城
2204,吳弘達
2205,吳宏達
2206,吳仁華
2207,吳淑珍
2208,吳學燦
2209,吳學璨
2210,吳育升
2211,吳志芳
2212,西藏獨
2213,吸收的圖騰
2214,吸血獸
2215,覡
2216,洗腦
2217,系統
2218,系統公告
2219,餼
2220,郤
2221,下賤
2222,下體
2223,薟
2224,躚
2225,鮮族
2226,獫
2227,蜆
2228,峴
2229,現金
2230,現金交易
2231,獻祭的圖騰
2232,鯗
2233,項懷誠
2234,項小吉
2235,嘵
2236,小B樣
2237,小比樣
2238,小參考
2239,小鶏鶏
2240,小靈通
2241,小泉純一郎
2242,謝長廷
2243,謝深山
2244,謝選駿
2245,謝中之
2246,辛灝年
2247,新觀察論壇
2248,新華舉報
2249,新華內情
2250,新華通論壇
2251,新疆獨
2252,新生網
2253,新手訓練營
2254,新聞出版總署
2255,新聞封鎖
2256,新義安
2257,新語絲
2258,信用危機
2259,邢錚
2260,性愛
2261,性無能
2262,修煉
2263,頊
2264,虛弱圖騰
2265,虛無的飽食者
2266,徐國舅
2267,許財利
2268,許家屯
2269,許信良
2270,諼
2271,薛偉
2272,學潮
2273,學聯
2274,學運
2275,學自聯
2276,澩
2277,閹狗
2278,訁
2279,嚴家其
2280,嚴家祺
2281,閻明複
2282,顔清標
2283,顔慶章
2284,顔射
2285,讞
2286,央視內部晚會
2287,陽具
2288,陽痿
2289,陽物
2290,楊懷安
2291,楊建利
2292,楊巍
2293,楊月清
2294,楊周
2295,姚羅
2296,姚月謙
2297,軺
2298,搖頭丸
2299,藥材商人蘇耐得
2300,藥水
2301,耶穌
2302,野鶏
2303,葉菊蘭
2304,夜話紫禁城
2305,一陀糞
2306,㈠
2307,伊莎貝爾
2308,伊斯蘭
2309,伊斯蘭亞格林尼斯
2310,遺精
2311,議長阿茵斯塔
2312,議員斯格文德
2313,异見人士
2314,异型叛軍
2315,异議人士
2316,易丹軒
2317,意志不堅的圖騰
2318,瘞
2319,陰部
2320,陰唇
2321,陰道
2322,陰蒂
2323,陰戶
2324,陰莖
2325,陰精
2326,陰毛
2327,陰門
2328,陰囊
2329,陰水
2330,淫蕩
2331,淫穢
2332,淫貨
2333,淫賤
2334,尹慶民
2335,引導
2336,隱者之路
2337,鷹眼派氏族
2338,硬直圖騰
2339,憂鬱的艾拉
2340,尤比亞
2341,由喜貴
2342,游蕩的僵尸
2343,游蕩的士兵
2344,游蕩爪牙
2345,游錫坤
2346,游戲管理員
2347,友好的魯德
2348,幼齒
2349,幼龍
2350,于幼軍
2351,余英時
2352,漁夫菲斯曼
2353,輿論
2354,輿論反制
2355,傴
2356,宇明網
2357,齬
2358,飫
2359,鵒
2360,元老蘭提(沃德）
2361,圓滿
2362,緣圈圈
2363,遠志明
2364,月經
2365,韞
2366,雜種
2367,鏨
2368,造愛
2369,則民
2370,擇民
2371,澤夫
2372,澤民
2373,賾
2374,賊民
2375,譖
2376,扎卡維是英雄
2377,驏
2378,張伯笠
2379,張博雅
2380,張鋼
2381,張健
2382,張林
2383,張清芳
2384,張偉國
2385,張溫鷹
2386,張昭富
2387,張志清
2388,章孝嚴
2389,帳號
2390,賬號
2391,招鶏
2392,趙海青
2393,趙建銘
2394,趙南
2395,趙品潞
2396,趙曉微
2397,趙紫陽
2398,貞操
2399,鎮壓
2400,爭鳴論壇
2401,正見網
2402,正義黨論壇
2403,㊣
2404,鄭寶清
2405,鄭麗文
2406,鄭義
2407,鄭餘鎮
2408,鄭源
2409,鄭運鵬
2410,政權
2411,政治反對派
2412,縶
2413,躑
2414,指點江山論壇
2415,騭
2416,觶
2417,躓
2418,中毒的圖騰
2419,中毒圖騰
2420,中俄邊界
2421,中國復興論壇
2422,中國共産黨
2423,中國孤兒院
2424,中國和平
2425,中國論壇
2426,中國社會進步黨
2427,中國社會論壇
2428,中國威脅論
2429,中國問題論壇
2430,中國移動通信
2431,中國真實內容
2432,中國之春
2433,中國猪
2434,中華大地
2435,中華大衆
2436,中華講清
2437,中華民國
2438,中華人民實話實說
2439,中華人民正邪
2440,中華時事
2441,中華養生益智功
2442,中華真實報道
2443,中央電視臺
2444,鐘山風雨論壇
2445,周鋒鎖
2446,周守訓
2447,朱鳳芝
2448,朱立倫
2449,朱溶劑
2450,㈱
2451,猪聾畸
2452,主攻指揮官
2453,主義
2454,助手威爾特
2455,專制
2456,顓
2457,轉化
2458,諑
2459,資本主義
2460,鯔
2461,子宮
2462,自民黨
2463,自由民主論壇
2464,總理
2465,諏
2466,鯫
2467,躦
2468,纘
2469,作愛
2470,做愛
2471,bcd.s.59764.com
2472,kkk.xaoh.cn
2473,www.xaoh.cn
2474,zzz.xaoh.cn
2475,aa.yazhousetu.hi.9705.net.cn
2476,eee.xaoh.cn
2477,lll.xaoh.cn
2478,jj.pangfangwuyuetian.hi.9705.net.cn
2479,rrr.xaoh.cn
2480,ooo.xaoh.cn
2481,www.zy528.com
2482,aaad.s.59764.com
2483,www.dy6789.cn
2484,aaac.s.51524.com
2485,208.43.198.56
2486,166578.cn
2487,www.wang567.com
2488,www.bin5.cn
2489,www.sanjidianying.com.cn
2490,www.anule.cn
2491,%77%77%77%2E%39%37%38%38%30%38%2E%63%6F%6D
2492,www.976543.com
2493,www.50spcombaidu1828adyou97sace.co.cc
2494,chengrenmanhua.1242.net.cn
2495,qingsewuyuetian.1174.net.cn
2496,lunlidianyingxiazai.1174.net.cn
2497,siwameitui.1274.net.cn
2498,niuniujidi.1174.net.cn
2499,xiao77.1243.net.cn
2500,woyinwose.1243.net.cn
2501,dingxiang.1249.net
2502,cnaicheng.1174.net.cn
2503,1234chengren.1249.net.cn
2504,sewuyuetian.1174.net.cn
2505,huangsexiaoshuo.1242.net.cn
2506,lunlidianying.1274.net.cn
2507,xingqingzhongren.1174.net.cn
2508,chengrenwangzhi.1242.net.cn
2509,xiao77luntan.1249.net.cn
2510,dingxiang.1243.net.cn
2511,11xp.1243.net.cn
2512,baijie.1249.net.cn
2513,sewuyuetian.1274.net.cn
2514,meiguiqingren.1274.net.cn
2515,tb.hi.4024.net.cn
2516,www.91wangyou.com
2517,www.wow366.cn
2518,www.yxnpc.com
2519,www.365jw.com
2520,58.253.67.74
2521,www.978808.com
2522,www.sexwyt.com
2523,7GG
2524,www.567yx.com
2525,131.com
2526,bbs.7gg.cn
2527,www.99game.net
2528,ppt.cc
2529,www.zsyxhd.cn
2530,www.foyeye.com
2531,www.23nice.com.cn
2532,www.maituan.com
2533,www.ylteam.cn
2534,www.yhzt.org
2535,vip886.com
2536,www.neicehao.cn
2537,bbs.butcn.com
2538,www.gamelifeclub.cn
2539,consignment5173
2540,www.70yx.com
2541,www.legu.com
2542,ko180
2543,bbs.pkmmo
2544,whoyo.com
2545,www.2q5q.com
2546,www.zxkaku.cn
2547,www.gw17173.cn
2548,www.315ts.net
2549,qgqm.org
2550,17173dl.net
2551,i9game.com
2552,365gn
2553,158le.com
2554,1100y.com
2555,bulaoge.com
2556,17youle.com
2557,reddidi.com.cn
2558,icpcn.com
2559,ul86.com
2560,showka8.com
2561,szlmgh.cn
2562,bbs.766.com
2563,www.766.com
2564,91bysd.cn
2565,jiayyou.cn
2566,gigabyte.cn
2567,duowan
2568,wgxiaowu.com
2569,youxiji888.cn
2570,yz55.cn
2571,Carrefour
2572,51jiafen.cn
2573,597ft.com
2574,itnongzhuang.com2y7v.cnhwxvote.cn
2575,92klgh.cn
2576,xiaoqinzaixian.cn
2577,661661.com
2578,haosilu.com
2579,dl.com
2580,xl517.com
2581,sjlike.com
2582,tont.cn
2583,xq-wl.cn
2584,feitengdl.com
2585,bz176.com
2586,dadati.com
2587,asgardcn.com
2588,dolbbs.com
2589,okaygood.cn
2590,1t1t.com
2591,jinpaopao.com
2592,blacksee.com.cn
2593,1qmsj.com
2594,202333.com
2595,luoxialu.cn
2596,37447.cn
2597,567567aa.cn
2598,09city.com
2599,71ka.com
2600,fy371.com
2601,365tttyx.com
2602,host800.com
2603,lybbs.info
2604,ys168.com
2605,88mysf.com
2606,5d6d.com
2607,id666.uqc.cn
2608,stlmbbs.cn
2609,pcikchina.com
2610,lxsm888.com
2611,wangyoudl.com
2612,chinavfx.net
2613,zxsj188.com
2614,wg7766.cn
2615,e7sw.cn
2616,jooplay.com
2617,gssmtt.com
2618,likeko.com
2619,tlyx-game.cn
2620,wy33.com
2621,zy666.net
2622,newsmth.net
2623,l2jsom.cn
2624,13888wg.com
2625,qtoy.com
2626,1000scarf.com
2627,digitallongking.com
2628,zaixu.net
2629,ncyh.cn
2630,888895.com
2631,ising99.com
2632,pcikcatv.2om
2633,parke888.com
2634,01gh.com
2635,gogo.net
2636,uu1001.com
2637,wy724.com
2638,prettyirene.net
2639,yaokong7.com
2640,zzmysf.com
2641,52sxhy.cn
2642,92wydl.com
2643,g365.net
2644,pkmmo.com
2645,52ppsa.cn
2646,bl62.com
2647,canyaa.com
2648,lordren.com
2649,xya3.cn
2650,5m5m5m.com
2651,www.gardcn.com
2652,www.sf766.com.cn
2653,ent365.com
2654,18900.com
2655,7mmo.com
2656,cdream.com
2657,wy3868.com
2658,nbfib.cn
2659,17173yxdl.cn
2660,luosisa.cn
2661,haouse.cn
2662,54hero.com
2663,ieboy.cn
2664,geocities.com
2665,xiuau.cn
2666,cvceo.com
2667,fxjsqc.com
2668,thec.cn
2669,c5c8.cn
2670,a33.com
2671,qqsg.org
2672,my3q.com
2673,51juezhan.com
2674,kartt.cn
2675,hexun.com
2676,15wy.com
2677,13ml.net
2678,homexf.cn
2679,xyxgh.com
2680,jdyou.com
2681,langyou.info
2682,duowan.com
2683,8188mu.com
2684,tianlong4f.cn
2685,yeswm.com
2686,wgbobo.cn
2687,haog8.cn
2688,47513.cn
2689,92ey.com
2690,hao1788.co
2691,mgjzybj.com
2692,xdns.eu
2693,shenycs.co
2694,mpceggs.cn
2695,kod920.cn
2696,njgamecollege.org
2697,51hdw.com
2698,025game.cn
2699,bibidu.com
2700,bwowd.com
2701,3kwow.com
2702,zx002.com
2703,bazhuwg.cn
2704,991game.com
2705,zuanshi1000.cn
2706,10mb.cn
2707,Huihuangtx.com
2708,chongxianmu.cn
2709,any2000.com
2710,99sa.com
2711,zhidian8.com
2712,t9wg.cn
2713,bobaoping
2714,qixingnet.com
2715,88kx.com
2716,00sm.cn
2717,moyi520.cn
2718,id666.com
2719,fisonet.com
2720,0571qq.com
2721,173at.com
2722,pk200.com
2723,2feiche.cn
2724,jjdlw.com
2725,xyq2sf.com
2726,69nb.com
2727,txwsWind
2728,jiayyou.com
2729,fuck
2730,共产党
2731,urban
2732,我操
2733,cao
2734,他妈的
2735,TMD
2736,鸡巴
2737,煞笔
2738,傻B
2739,法轮功
2740,江泽民
2741,胡锦涛
2742,温家宝
2743,urban-rivals
2744,rivals
2745,我日
2746,UR
2747,ur
2748,性交
2749,口交
2750,婊子
2751,妓女
2752,他妈
2753,她妈
2754,牛逼
2755,牛B，牛比
2756,煞笔
2757,傻逼
2758,傻B
2759,八仙
2760,八仙
2761,八仙
2762,eight仙
2763,混沌诀
2764,混沌
2765,你妈
2766,操你妈
2767,装逼
2768,装B
2769,日你妈
2770,不玩了
2771,删号
2772,卖号
2773,垃圾游戏
2774,烂游戏
2775,删号
2776,妈的
2777,妈逼
2778,草你妈
2779,T.M.D
2780,JB
2781,jb
2782,淘宝
2783,出售账号
2784,出售此号
2785,卖号
2786,U/R
2787,U-R
2788,j8
2789,吗的
2790,8仙
2791,狗日
2792,出售神符
2793,色情
2794,黄色
2795,h站
2796,龙虎
2797,虎门
2798,龙虎门
2799,WEB牌戰
2800,WEB战牌
2801,战牌
2802,8 仙
2803,街头对抗
2804,藏独
2805,台独
2806,法轮大法
2807,混沌决
2808,ur
2809,UR
2810,urban
2811,鸡巴
2812,毛泽东
2813,NPC
2814,*法*轮*功*
2815,*李*洪*志*
2816,@sshole
2817,a$$hole
2818,a$shole
2819,Admin
2820,as$hole
2821,ASS
2822,asshole
2823,bastard
2824,bbscity
2825,beijingspring
2826,bignews
2827,bitch
2828,Bitch
2829,bjzc
2830,boxun
2831,bt
2832,butthead
2833,butthole
2834,cctv
2835,CCTV
2836,cdjp
2837,chengmingmag
2838,chinesenewsweek
2839,cunt
2840,dajiyuan
2841,damm
2842,damn
2843,dick
2844,Dick
2845,DICK
2846,epochtimes
2847,F.L.G
2848,falun
2849,fawanghuihui
2850,fgmtv
2851,flg
2852,FLG
2853,fofg
2854,fosaon
2855,fu(
2856,fuc
2857,Fuck
2858,fuck
2859,FUCK
2860,FUCKYOU
2861,fuckyou
2862,fuk
2863,fv(
2864,fvc
2865,gamemaster
2866,GAMEMASTER
2867,gameMASTER
2868,GAMEmaster
2869,ＧＡＭＥ　ｍａｓｔｅｒ
2870,ｇａｍｅ　ＭＡＳＴＥＲ
2871,ＧＡＭＥ　ＭＡＳＴＥＲ
2872,ｇａｍｅ　ｍａｓｔｅｒ
2873,GameMaste
2874,GameMaster
2875,GAMEMASTER
2876,gc365
2877,globalrescue
2878,Gm
2879,gM
2880,gm
2881,minghui
2882,mingpaonews
2883,minhui
2884,NMD
2885,NND
2886,nnd
2887,on9
2888,ON9
2889,orgasmus
2890,peacehall
2891,penis
2892,phuc
2893,piss
2894,PUSSY
2895,pussy
2896,renminbao
2897,ri
2898,SB
2899,sb
2900,screw
2901,secretchina
2902,sega
2903,sex
2904,sf
2905,sh!t
2906,shengda
2907,SHIT
2908,shit
2909,shyt
2910,SM
2911,snatch
2912,soundofhope
2913,SUCK
2914,suck
2915,Suck
2916,TMD
2917,tmd
2918,TNND
2919,tnnd
2920,WG
2921,wg
2922,WG
2923,Wg
2924,wG
2925,wg
2926,xinguangming
2927,xinsheng
2928,yuanming
2929,zhengjian
2930,zhengqing
2931,zhengwunet
2932,zhongguohun
2933,阿扁
2934,阿扁万岁
2935,阿拉
2936,阿拉法特
2937,挨球
2938,安南
2939,安全局
2940,澳洲光明网
2941,八九
2942,八九风波
2943,办理文凭
2944,办理证件
2945,包皮
2946,保钓
2947,保监会
2948,保密局
2949,鸨
2950,鲍岳桥
2951,暴动
2952,暴乱
2953,暴徒
2954,北京之春
2955,贝肉
2956,本?拉登
2957,本?拉登
2958,苯比
2959,笨屄
2960,笨逼
2961,屄
2962,屄毛
2963,逼毛
2964,逼你老母
2965,逼样
2966,比毛
2967,婊
2968,婊子
2969,宾周
2970,冰毒
2971,波霸
2972,博讯
2973,薄一波
2974,布莱尔
2975,布雷尔
2976,布什
2977,布什
2978,财政部
2979,参事室
2980,藏独
2981,藏独
2982,藏独
2983,操
2984,操GM
2985,操Gm
2986,操gM
2987,操gm
2988,操XX
2989,操逼
2990,操比
2991,操蛋
2992,操你
2993,操你八辈祖宗
2994,操你妈
2995,操你妈屄
2996,操他
2997,曹刚川
2998,草的你妈
2999,草妈
3000,草你妈
3001,草拟妈
3002,肏
3003,测绘局
3004,插GM
3005,插Gm
3006,插gM
3007,插gm
3008,插妳
3009,插你
3010,插你妈
3011,插深些
3012,产权局
3013,朝鲜
3014,车臣
3015,车仑
3016,陈功
3017,陈良宇
3018,陈水扁
3019,陈希同
3020,陈晓宁
3021,陈毅
3022,陈至立
3023,成人电影
3024,成人片
3025,吃大便
3026,吃屎
3027,迟浩田
3028,赤匪
3029,抽插
3030,抽你丫的
3031,臭化西
3032,出售假币
3033,出售枪支
3034,出售手枪
3035,吹喇叭
3036,吹箫
3037,春药
3038,蠢猪
3039,戳你
3040,粗制吗啡
3041,催情药
3042,达赖
3043,达赖喇嘛
3044,打炮
3045,大*FA弟*子
3046,大B
3047,大逼
3048,大便
3049,大波波
3050,大东亚共荣
3051,大法
3052,大法弟子
3053,大花B
3054,大会堂
3055,大纪元
3056,大麻
3057,大麻树脂
3058,大麻油
3059,大师
3060,戴维教
3061,大学骚乱
3062,大血B
3063,大血比
3064,呆卵
3065,代表大会
3066,戴海静
3067,戴红
3068,戴晶
3069,戴维教
3070,党主席
3071,荡妇
3072,档案局
3073,盗窃犯
3074,盗窃犯
3075,道教
3076,邓小平
3077,地震局
3078,弟大物勃
3079,帝国主义
3080,帝国主义
3081,电监会
3082,叼你
3083,叼你妈
3084,屌
3085,屌7
3086,屌鸠
3087,屌毛
3088,屌妳
3089,屌七
3090,屌西
3091,钓鱼台
3092,调理劳务系
3093,丁关根
3094,丁子霖
3095,东北独立
3096,东升
3097,东条英机
3098,东突
3099,东突暴动和独立
3100,东突组织
3101,东亚病夫
3102,董建华
3103,董贱华
3104,董文华
3105,懂文华
3106,独立
3107,独立台湾会
3108,短信群发器
3109,对日强硬
3110,多维社
3111,多维网
3112,多维新闻
3113,多维周刊
3114,恶搞晚会
3115,恩格斯
3116,二B
3117,二屄
3118,二逼
3119,二乙基酰胺
3120,发改委
3121,发奖使者
3122,发抡
3123,发抡功
3124,发伦
3125,发伦功
3126,发轮
3127,发论
3128,发论公
3129,发论功
3130,发骚
3131,发展研究中心
3132,发正念
3133,法(轮)功
3134,法*轮*功
3135,法功
3136,法愣
3137,法仑
3138,法轮
3139,法轮大法
3140,法轮功
3141,法西斯
3142,法制办
3143,反动
3144,反封锁技术
3145,反革命
3146,反共
3147,反华
3148,反恐委员会
3149,反日
3150,反政府
3151,分裂祖国
3152,佛教
3153,佛展千手法
3154,佛祖
3155,斧头镰刀
3156,阝月
3157,傅鹏
3158,傅作义
3159,干GM
3160,干Gm
3161,干gM
3162,干gm
3163,干拎娘
3164,干妳
3165,干妳老母
3166,干妳妈
3167,干妳娘
3168,干你
3169,干你妈
3170,干你妈b
3171,干你妈逼
3172,干你娘
3173,干七八
3174,干死你
3175,肛
3176,肛交
3177,肛门
3178,港澳办
3179,高俊
3180,高丽棒子
3181,高校暴乱
3182,高校群体事件
3183,高校骚乱
3184,睾
3185,睾丸
3186,膏药旗
3187,工力
3188,工商局
3189,工作人员
3190,弓虽女干
3191,公安
3192,公安部
3193,公安局
3194,共产党
3195,共产主义
3196,共匪
3197,共狗
3198,共青团员
3199,狗b
3200,狗操
3201,狗卵
3202,狗娘
3203,狗屁
3204,狗日
3205,狗日的
3206,狗屎
3207,狗养
3208,古方迷香
3209,观世音
3210,官逼民反
3211,官商勾结
3212,管理人员
3213,管理员
3214,光明日报
3215,广电局
3216,龟儿子
3217,龟公
3218,龟孙子
3219,龟头
3220,鬼村
3221,滚
3222,郭伯雄
3223,国安局
3224,国防部
3225,国防科工委
3226,国管局
3227,国际法院
3228,国家民委
3229,国家主席
3230,国家主要部委
3231,国民党
3232,国民党万岁
3233,国土资源部
3234,国务院
3235,国研室
3236,国资委
3237,哈批
3238,海关总署
3239,海洛因
3240,海洋局
3241,何候华
3242,贺国强
3243,贺龙
3244,黑社会
3245,黑手党
3246,黑手党
3247,黑手党
3248,红卫兵
3249,洪兴
3250,洪志
3251,后庭
3252,胡XX
3253,胡紧涛
3254,胡紧掏
3255,胡紧套
3256,胡锦涛
3257,胡锦淘
3258,胡乔木
3259,胡耀邦
3260,胡主席
3261,花柳
3262,华国锋
3263,华建敏
3264,欢城
3265,欢城互动
3266,环保总局
3267,换妻
3268,黄　菊
3269,黄菊
3270,黄色电影
3271,黄色小电影
3272,回回
3273,回教
3274,回良玉
3275,回民暴动
3276,回族人吃猪肉
3277,昏药
3278,火棒
3279,机八
3280,机巴
3281,鸡八
3282,鸡巴
3283,鸡叭
3284,鸡芭
3285,鸡掰
3286,鸡鸡
3287,鸡奸
3288,基地组织
3289,基督
3290,基督教
3291,激情电影
3292,激情小电影
3293,鸡
3294,几届中央政治局委员
3295,计牌软件
3296,计生委
3297,妓
3298,妓女
3299,妓院
3300,佳静安定片
3301,贾庆林
3302,奸
3303,奸夫淫妇
3304,奸你
3305,奸淫
3306,监察部
3307,监管局
3308,监听王
3309,检察院
3310,建设部
3311,贱
3312,贱逼
3313,贱货
3314,贱人
3315,江Core
3316,江八
3317,江八点
3318,江独裁
3319,江核心
3320,江青
3321,江戏子
3322,江择民
3323,江泽民
3324,江贼民
3325,江折民
3326,江猪
3327,江猪媳
3328,江主席
3329,僵贼民
3330,疆独
3331,蒋介石
3332,蒋经国
3333,蒋中正
3334,酱猪媳
3335,交通部
3336,姣西
3337,叫床
3338,叫鸡
3339,叫小姐
3340,教育部
3341,她妈的
3342,届中央政治局委员
3343,金日成
3344,金正日
3345,禁书
3346,经济社会理事会
3347,经社理事会
3348,精液
3349,精子
3350,警匪一家
3351,敬国神社
3352,靖国神社
3353,静坐
3354,纠察员
3355,鸠
3356,鸠屎
3357,军长发威
3358,军国主义
3359,军妓
3360,军事委员会
3361,军委
3362,看牌器
3363,看牌软件
3364,看棋器
3365,看棋软件
3366,抗日
3367,尻
3368,靠
3369,靠你妈
3370,靠腰
3371,可待因
3372,可卡叶
3373,可卡因
3374,克林顿
3375,客服
3376,客户服务人员
3377,恐怖份子
3378,恐怖主义
3379,口交
3380,寇晓伟
3381,狂操
3382,狂操你全家
3383,拉登
3384,拉姆斯菲尔德
3385,懒教
3386,烂B
3387,烂屄
3388,烂逼
3389,烂比
3390,烂屌
3391,烂货
3392,劳+教+所
3393,劳动保障部
3394,老逼
3395,老毛子
3396,老母
3397,黎阳评
3398,李长春
3399,李登辉
3400,李弘旨
3401,李红志
3402,李宏旨
3403,李宏志
3404,李洪志
3405,李岚清
3406,李鹏
3407,李鹏*
3408,李瑞环
3409,李山
3410,李铁映
3411,李先念
3412,连战
3413,联大
3414,联合国
3415,联合国大会
3416,联易
3417,联易互动
3418,粮食局
3419,两腿之间
3420,列宁
3421,林彪
3422,林业局
3423,刘　淇
3424,刘军
3425,刘淇
3426,刘少奇
3427,刘云山
3428,流氓
3429,六.四
3430,六。四
3431,六?四
3432,六合彩
3433,六四
3434,六-四
3435,六四事件
3436,六四真相
3437,龙新民
3438,吕秀莲
3439,旅游局
3440,卵
3441,轮功
3442,轮奸
3443,罗　干
3444,罗干
3445,骡干
3446,妈逼
3447,妈比
3448,妈卖妈屁
3449,妈批
3450,妈祖
3451,妈B
3452,妈的
3453,麻醉钢枪
3454,麻醉枪
3455,麻醉药
3456,麻醉乙醚
3457,马克思
3458,马卖马屁
3459,马英九
3460,吗啡
3461,吗啡碱
3462,吗啡片
3463,买财富
3464,买卖枪支
3465,麦角酸
3466,卖.国
3467,卖B
3468,卖ID
3469,卖QQ
3470,卖逼
3471,卖比
3472,卖财富
3473,卖党求荣
3474,卖国
3475,卖国求荣
3476,卖号
3477,卖卡
3478,卖软件
3479,卖淫
3480,毛XX
3481,毛厕洞
3482,毛一鲜
3483,毛泽东
3484,毛贼东
3485,毛主席
3486,梅花网
3487,美国
3488,美国佬
3489,美国之音
3490,美利坚
3491,蒙尘药
3492,蒙独
3493,蒙古达子
3494,蒙古独立
3495,迷魂药
3496,迷奸药
3497,迷歼药
3498,迷药
3499,密洞
3500,密宗
3501,民航局
3502,民进党
3503,民运
3504,民政部
3505,明慧网
3506,摩门教
3507,莫索里尼
3508,穆罕默德
3509,穆斯林
3510,乳头
3511,奶子
3512,妳老母的
3513,妳妈的
3514,妳马的
3515,妳娘的
3516,南联盟
3517,南蛮子
3518,南蛮子
3519,嫩B
3520,嫩b
3521,伱妈
3522,你爸
3523,你大爷
3524,你二大爷
3525,你老母
3526,你老味
3527,你姥
3528,你姥姥的
3529,你妈
3530,你妈逼
3531,你妈的
3532,你娘
3533,你爷爷的
3534,鸟GM
3535,鸟Gm
3536,鸟gM
3537,鸟gm
3538,鸟你
3539,牛逼
3540,牛比
3541,农业部
3542,虐待
3543,拍肩神药
3544,喷你
3545,彭真
3546,皮条
3547,屁眼
3548,嫖客
3549,苹果日报
3550,破坏
3551,破鞋
3552,仆街
3553,普京
3554,气象局
3555,钱其琛
3556,枪决女犯
3557,枪决现场
3558,枪支弹药
3559,强奸
3560,强奸犯
3561,强卫
3562,强效失意药
3563,强硬发言
3564,抢劫
3565,乔石
3566,侨办
3567,切七
3568,窃听器
3569,窃听器材
3570,亲民党
3571,青天白日
3572,情色
3573,去你妈的
3574,去死
3575,全国人大
3576,瘸腿帮
3577,人大
3578,人大代表
3579,人代会
3580,人弹
3581,人民
3582,人民大会堂
3583,人民广场
3584,人民日报
3585,人民银行
3586,人体炸弹
3587,日GM
3588,日Gm
3589,日gM
3590,日gm
3591,日X妈
3592,日本RING
3593,日本鬼子
3594,日你
3595,日你妈
3596,日你娘
3597,日他娘
3598,肉棒
3599,肉壁
3600,肉洞
3601,肉缝
3602,肉棍
3603,肉棍子
3604,肉穴
3605,乳
3606,乳波臀浪
3607,乳房
3608,乳交
3609,乳头
3610,撒尿
3611,萨达姆
3612,塞白
3613,塞你爸
3614,塞你公
3615,塞你老母
3616,塞你老师
3617,塞你母
3618,塞你娘
3619,三个呆婊
3620,三个代婊
3621,三级片
3622,三民主义
3623,三陪
3624,三陪女
3625,三去车仑
3626,三唑仑
3627,骚
3628,骚B
3629,骚逼
3630,骚货
3631,骚
3632,色情
3633,色情电影
3634,色情服务
3635,色情小电影
3636,杀人犯
3637,傻B
3638,傻屄
3639,傻逼
3640,傻比
3641,傻吊
3642,傻卵
3643,傻子
3644,煞逼
3645,商务部
3646,上妳
3647,上你
3648,社.会.正.义.力.量
3649,社保基金会
3650,社会主义
3651,社科院
3652,射精
3653,身份生成器
3654,神经病
3655,神通加持法
3656,审计署
3657,升达毕业证
3658,生春袋
3659,生孩子没屁眼
3660,生鸦片
3661,圣女峰
3662,湿透的内裤
3663,十八摸
3664,十年动乱
3665,十五周年
3666,石进
3667,食捻屎
3668,食屎
3669,驶你爸
3670,驶你公
3671,驶你老母
3672,驶你老师
3673,驶你母
3674,驶你娘
3675,世界日报
3676,是鸡
3677,手机复制
3678,手淫
3679,受虐狂
3680,售ID
3681,售号
3682,售软件
3683,双峰微颤
3684,氵去
3685,水利部
3686,水去车仑
3687,税务总局
3688,司法部
3689,私服
3690,私/服
3691,私\\服
3692,私服
3693,私-服
3694,私—服
3695,斯大林
3696,死gd
3697,死GD
3698,死gm
3699,死GM
3700,死全家
3701,四川独立
3702,四人帮
3703,宋楚瑜
3704,宋祖英
3705,孙文
3706,孙逸仙
3707,孙中山
3708,他爹
3709,他妈
3710,他妈的
3711,他马的
3712,他母亲
3713,他祖宗
3714,台办
3715,台独
3716,台联
3717,台湾党
3718,台湾帝国
3719,台湾独立
3720,台湾共产党
3721,台湾共和国
3722,台湾狗
3723,台湾国
3724,台湾民国
3725,太监
3726,太子党
3727,唐家璇
3728,特别公告
3729,特码
3730,体育总局
3731,天安门
3732,天安门档案
3733,天安门录像带
3734,天安门事件
3735,天安门屠杀
3736,天安门一代
3737,天鹅之旅
3738,天皇
3739,天皇陛下
3740,田纪云
3741,舔西
3742,铁道部
3743,统计局
3744,投毒杀人
3745,透视软件
3746,透视眼镜
3747,推油
3748,退党
3749,托管理事会
3750,外　挂
3751,外挂
3752,外/挂
3753,外\\挂
3754,外_挂
3755,外挂
3756,外-挂
3757,外—挂
3758,外汇局
3759,外交部
3760,外专局
3761,晚年周恩来
3762,万税
3763,王八蛋
3764,王宝森
3765,王刚
3766,王昊
3767,王乐泉
3768,王岐山
3769,王太华
3770,王兆国
3771,王震
3772,网管
3773,威而钢
3774,威而柔
3775,卫生部
3776,尉健行
3777,温加宝
3778,温家宝
3779,温家保
3780,温馨
3781,温总理
3782,文化部
3783,文物局
3784,倭国
3785,倭寇
3786,我操
3787,我操你
3788,我干
3789,我妳老爸
3790,我日
3791,我日你
3792,无界浏览器
3793,吴　仪
3794,吴邦国
3795,吴官正
3796,吴仪
3797,五星红旗
3798,西藏独立
3799,西藏天葬
3800,希拉克
3801,希特勒
3802,希望之声
3803,洗脑班
3804,系统
3805,系统公告
3806,系统讯息
3807,鲜族
3808,乡巴佬
3809,想上你
3810,小鸡鸡
3811,小泉
3812,小泉纯一郎
3813,小日本
3814,小肉粒
3815,小乳头
3816,小穴
3817,邪教
3818,新党
3819,新光明
3820,新华内情
3821,新华社
3822,新疆独立
3823,新生网
3824,新手指导员
3825,新唐人
3826,新闻办
3827,新闻出版
3828,新闻出版署
3829,新闻出版总署
3830,新闻管制
3831,新义安
3832,信访局
3833,信息产业部
3834,兴奋剂
3835,性爱
3836,性交
3837,性虐待
3838,性无能
3839,性欲
3840,徐光春
3841,学潮
3842,血逼
3843,血腥图片
3844,巡查员
3845,丫的
3846,丫头养的
3847,鸦片
3848,鸦片液
3849,鸦片渣
3850,烟草局
3851,严方军
3852,燕玲论坛
3853,阳精
3854,阳具
3855,摇头丸
3856,摇头玩
3857,耶和华
3858,耶苏
3859,耶稣
3860,叶剑英
3861,夜情
3862,一党专制
3863,一贯道
3864,一国两制
3865,一夜情
3866,一中一台
3867,伊拉克
3868,伊朗
3869,伊斯兰
3870,以茎至洞
3871,抑制剂
3872,阴部
3873,阴唇
3874,阴道
3875,阴蒂
3876,阴核
3877,阴户
3878,阴茎
3879,阴毛
3880,阴水
3881,阴小撕大
3882,淫
3883,淫荡
3884,淫秽
3885,淫货
3886,淫贱
3887,淫叫
3888,淫毛
3889,淫靡
3890,淫水
3891,淫娃
3892,淫语连连
3893,淫欲
3894,英雄纪念碑
3895,硬挺
3896,邮政局
3897,游戏发奖员
3898,游戏宫理员
3899,游戏管理员
3900,游行
3901,俞正声
3902,舆论钳制
3903,玉杵
3904,欲火焚身
3905,原子能机构
3906,援交
3907,远程偷拍
3908,曰GM
3909,曰Gm
3910,曰gM
3911,曰gm
3912,曰你
3913,月经
3914,月经不调
3915,月经
3916,扎卡维是英雄
3917,杂种
3918,造反
3919,曾培炎
3920,曾庆红
3921,扎卡维
3922,扎卡维是英雄
3923,张朝阳
3924,张潮阳
3925,张德江
3926,张磊
3927,张立昌
3928,张小平
3929,赵紫阳
3930,侦探设备
3931,真理教
3932,真善忍
3933,镇压
3934,正见网
3935,正清网
3936,正悟网
3937,证监会
3938,政变
3939,政协
3940,值勤
3941,值勤账号
3942,指导员
3943,质检局
3944,致幻剂
3945,中共
3946,中共中央
3947,中国
3948,中国共产党
3949,中国恐怖组织
3950,中华民国
3951,中华人民共和国
3952,中科院
3953,中南海
3954,中宣部
3955,中央
3956,中央电视台
3957,中央政治局
3958,中医药局
3959,周恩来
3960,周永康
3961,周总理
3962,朱德
3963,朱容鸡
3964,朱容基
3965,朱熔基
3966,朱镕基
3967,朱总理
3968,猪操
3969,猪容基
3970,主席
3971,转法轮
3972,转法轮
3973,装屄
3974,装逼
3975,追查国际
3976,子女任职名单
3977,自焚
3978,自杀手册
3979,自杀指南
3980,自由亚洲电台
3981,自由之门
3982,自制手枪
3983,自治机关
3984,宗教
3985,总局
3986,总理
3987,作爱
3988,坐台的
3989,做爱
3990,共产党
3991,江泽民
3992,胡锦涛
3993,温家宝
3994,严方军
3995,信息
3996,礼品
3997,领取
3998,admin靠
3999,UR靠
4000,fuck靠
4001,共产党靠
4002,urban靠
4003,我操靠
4004,cao靠
4005,他妈的靠
4006,TMD靠
4007,鸡巴靠
4008,煞笔靠
4009,傻B靠
4010,法轮功靠
4011,江泽民靠
4012,胡锦涛靠
4013,温家宝靠
4014,urban-rivals靠
4015,rivals靠
4016,u r靠
4017,ur靠
4018,我日靠
4019,U  R靠
4020,u  r靠
4021,性交靠
4022,口交靠
4023,U R靠
4024,taobao靠
4025,webgame.com.cn靠
4026,婊子靠
4027,妓女靠
4028,他妈靠
4029,她妈靠
4030,牛逼靠
4031,牛比靠
4032,牛B靠
4033,煞笔靠
4034,傻逼靠
4035,傻B靠
4036,八仙靠
4037,八仙靠
4038,八仙靠
4039,eight仙靠
4040,∪R靠
4041,混沌诀靠
4042,混沌靠
4043,你妈靠
4044,操你妈靠
4045,装逼靠
4046,装B靠
4047,日你妈靠
4048,不玩了靠
4049,删号靠
4050,卖号靠
4051,垃圾游戏靠
4052,烂游戏靠
4053,删号靠
4054,妈的靠
4055,妈逼靠
4056,草你妈靠
4057,T.M.D靠
4058,JB靠
4059,jb靠
4060,淘宝靠
4061,出售账号靠
4062,出售此号靠
4063,卖号靠
4064,U/R靠
4065,U-R靠
4066,c a o靠
4067,j8靠
4068,吗的靠
4069,8仙靠
4070,狗日靠
4071,出售神符靠
4072,色情靠
4073,黄色靠
4074,h站靠
4075,龙虎靠
4076,虎门靠
4077,龙虎门靠
4078,WEB牌戰靠
4079,WEB战牌靠
4080,战牌靠
4081,8 仙靠
4082,ＵＲ靠
4083,u   r靠
4084,U   R靠
4085,街头对抗靠
4086,藏独靠
4087,台独靠
4088,法轮大法靠
4089,混沌决靠
4090,ur靠
4091,UR靠
4092,urban靠
4093,鸡巴靠
4094,毛泽东靠
4095,NPC靠
4096,*法*轮*功*靠
4097,*李*洪*志*靠
4098,@sshole靠
4099,13点靠
4100,2逼靠
4101,6?4靠
4102,610办公室靠
4103,8?9靠
4104,a$$hole
4105,屄毛
4106,操逼毛
4107,操逼你老母
4108,操逼样
4109,操比毛
4110,操婊
4111,操婊子
4112,操宾周
4113,操冰毒
4114,操波霸
4115,操博讯
4116,操薄一波
4117,操布莱尔
4118,操布雷尔
4119,操布什
4120,操布什
4121,操财政部
4122,操参事室
4123,操藏独
4124,操藏独
4125,操藏独
4126,操操
4127,操操GM
4128,操操Gm
4129,操操gM
4130,操操gm
4131,操操XX
4132,操操逼
4133,操操比
4134,操操蛋
4135,操操你
4136,操操你八辈祖宗
4137,操操你妈
4138,操操你妈屄
4139,操操他
4140,操曹刚川
4141,操草的你妈
4142,操草妈
4143,操草你妈
4144,操草拟妈
4145,操肏
4146,操测绘局
4147,操插GM
4148,操插Gm
4149,操插gM
4150,操插gm
4151,操插妳
4152,操插你
4153,操插你妈
4154,操插深些
4155,操产权局
4156,操朝鲜
4157,操车臣
4158,操车仑
4159,操陈功
4160,操陈良宇
4161,操陈水扁
4162,操陈希同
4163,操陈晓宁
4164,操陈毅
4165,操陈至立
4166,操成人电影
4167,操成人片
4168,操吃大便
4169,操吃屎
4170,操迟浩田
4171,操赤匪
4172,操抽插
4173,操抽你丫的
4174,操臭化西
4175,操出售假币
4176,操出售枪支
4177,操出售手枪
4178,操吹喇叭
4179,操吹箫
4180,操春药
4181,操蠢猪
4182,操戳你
4183,操粗制吗啡
4184,操催情药
4185,操达赖
4186,操达赖喇嘛
4187,操打炮
4188,操大*FA弟*子
4189,操大B
4190,操大逼
4191,操大便
4192,操大波波
4193,操大东亚共荣
4194,操大法
4195,东突
4196,毛东突暴动和独立
4197,毛东突组织
4198,毛东亚病夫
4199,毛董建华
4200,毛董贱华
4201,毛董文华
4202,毛懂文华
4203,毛独立
4204,毛独立台湾会
4205,毛短信群发器
4206,毛对日强硬
4207,毛多维社
4208,毛多维网
4209,毛多维新闻
4210,毛多维周刊
4211,毛恶搞晚会
4212,毛恩格斯
4213,毛二B
4214,毛二屄
4215,毛二逼
4216,毛二乙基酰胺
4217,毛发改委
4218,毛发奖使者
4219,毛发抡
4220,毛发抡功
4221,毛发伦
4222,毛发伦功
4223,毛发轮
4224,毛发论
4225,毛发论公
4226,毛发论功
4227,毛发骚
4228,毛发展研究中心
4229,毛发正念
4230,毛法(轮)功
4231,毛法*轮*功
4232,毛法功
4233,毛法愣
4234,毛法仑
4235,毛法轮
4236,毛法轮大法
4237,毛法轮功
4238,毛法西斯
4239,毛法制办
4240,毛反动
4241,毛反封锁技术
4242,毛反革命
4243,毛反共
4244,毛反华
4245,毛反恐委员会
4246,毛反日
4247,毛反政府
4248,毛分裂祖国
4249,毛佛教
4250,毛佛展千手法
4251,毛佛祖
4252,毛斧头镰刀
4253,毛阝月
4254,毛傅鹏
4255,毛傅作义
4256,毛干GM
4257,毛干Gm
4258,毛干gM
4259,毛干gm
4260,毛干拎娘
4261,毛干妳
4262,毛干妳老母
4263,毛干妳妈
4264,毛干妳娘
4265,毛干你
4266,毛干你妈
4267,毛干你妈b
4268,毛干你妈逼
4269,毛干你娘
4270,毛干七八
4271,毛干死你
4272,毛肛
4273,毛肛交
4274,毛肛门
4275,毛港澳办
4276,毛高俊
4277,毛高丽棒子
4278,毛高校暴乱
4279,毛高校群体事件
4280,毛高校骚乱
4281,毛睾
4282,毛睾丸
4283,毛膏药旗
4284,毛工力
4285,毛工商局
4286,毛工作人员
4287,毛弓虽女干
4288,毛公安
4289,毛公安部
4290,毛公安局
4291,毛共产党
4292,毛共产主义
4293,毛共匪
4294,毛共狗
4295,毛共青团员
4296,毛狗b
4297,毛狗操
4298,毛狗卵
4299,毛狗娘
4300,毛狗屁
4301,毛狗日
4302,毛狗日的
4303,毛狗屎
4304,毛狗养
4305,毛古方迷香
4306,毛观世音
4307,毛官逼民反
4308,毛官商勾结
4309,毛管理人员
4310,毛管理员
4311,毛光明日报
4312,毛广电局
4313,毛龟儿子
4314,毛龟公
4315,毛龟孙子
4316,毛龟头
4317,毛鬼村
4318,毛滚
4319,毛郭伯雄
4320,毛国安局
4321,毛国防部
4322,毛国防科工委
4323,毛国管局
4324,毛国际法院
4325,毛国家民委
4326,毛国家主席
4327,毛国家主要部委
4328,毛国民党
4329,毛国民党万岁
4330,毛国土资源部
4331,毛国务院
4332,毛国研室
4333,毛国资委
4334,毛哈批
4335,毛海关总署
4336,毛海洛因
4337,毛海洋局
4338,毛何候华
4339,毛贺国强
4340,毛贺龙
4341,毛黑社会
4342,毛黑手党
4343,毛黑手党
4344,毛黑手党
4345,毛红卫兵
4346,毛洪兴
4347,毛洪志
4348,毛后庭
4349,毛胡XX
4350,毛胡紧涛
4351,毛胡紧掏
4352,毛胡紧套
4353,毛胡锦涛
4354,毛胡锦淘
4355,毛胡乔木
4356,毛胡耀邦
4357,毛胡主席
4358,毛花柳
4359,毛华国锋
4360,毛华建敏
4361,毛欢城
4362,毛欢城互动
4363,毛环保总局
4364,毛换妻
4365,毛黄　菊
4366,毛黄菊
4367,毛黄色电影
4368,毛黄色小电影
4369,毛回回
4370,毛回教
4371,毛回良玉
4372,毛回民暴动
4373,毛回族人吃猪肉
4374,毛昏药
4375,毛火棒
4376,毛机八
4377,毛机巴
4378,毛鸡八
4379,毛鸡巴
4380,毛鸡叭
4381,毛鸡芭
4382,毛鸡掰
4383,毛鸡鸡
4384,毛鸡奸
4385,毛基地组织
4386,毛基督
4387,毛基督教
4388,毛激情电影
4389,毛激情小电影
4390,毛鸡
4391,毛几届中央政治局委员
4392,毛计牌软件
4393,毛计生委
4394,毛妓
4395,毛妓女
4396,毛妓院
4397,毛佳静安定片
4398,毛贾庆林
4399,毛奸
4400,毛奸夫淫妇
4401,毛奸你
4402,毛奸淫
4403,毛监察部
4404,毛监管局
4405,毛监听王
4406,毛检察院
4407,毛建设部
4408,毛贱
4409,毛贱逼
4410,毛贱货
4411,毛贱人
4412,毛江Core
4413,毛江八
4414,毛江八点
4415,毛江独裁
4416,毛江核心
4417,毛江青
4418,毛江戏子
4419,毛江择民
4420,毛江泽民
4421,毛江贼民
4422,毛江折民
4423,毛江猪
4424,毛江猪媳
4425,毛江主席
4426,毛僵贼民
4427,毛疆独
4428,毛蒋介石
4429,毛蒋经国
4430,毛蒋中正
4431,毛酱猪媳
4432,毛交通部
4433,毛姣西
4434,毛叫床
4435,毛叫鸡
4436,毛叫小姐
4437,毛教育部
4438,毛她妈的
4439,毛届中央政治局委员
4440,毛金日成
4441,毛金正日
4442,毛禁书
4443,毛经济社会理事会
4444,毛经社理事会
4445,毛精液
4446,毛精子
4447,毛警匪一家
4448,毛敬国神社
4449,毛靖国神社
4450,毛静坐
4451,毛纠察员
4452,毛鸠
4453,毛鸠屎
4454,毛军长发威
4455,毛军国主义
4456,毛军妓
4457,毛军事委员会
4458,毛军委
4459,毛看牌器
4460,毛看牌软件
4461,毛看棋器
4462,毛看棋软件
4463,毛抗日
4464,毛尻
4465,毛靠
4466,毛靠你妈
4467,毛靠腰
4468,毛可待因
4469,毛可卡叶
4470,毛可卡因
4471,毛克林顿
4472,毛客服
4473,毛客户服务人员
4474,毛恐怖份子
4475,毛恐怖主义
4476,毛口交
4477,毛寇晓伟
4478,毛狂操
4479,毛狂操你全家
4480,毛拉登
4481,毛拉姆斯菲尔德
4482,毛懒教
4483,毛烂B
4484,毛烂屄
4485,毛烂逼
4486,毛烂比
4487,毛烂屌
4488,毛烂货
4489,毛劳+教+所
4490,毛劳动保障部
4491,毛老逼
4492,毛老毛子
4493,毛老母
4494,毛黎阳评
4495,毛李长春
4496,毛李登辉
4497,毛李弘旨
4498,毛李红志
4499,毛李宏旨
4500,毛李宏志
4501,毛李洪志
4502,毛李岚清
4503,毛李鹏
4504,毛李鹏*
4505,毛李瑞环
4506,毛李山
4507,毛李铁映
4508,毛李先念
4509,毛连战
4510,毛联大
4511,毛联合国
4512,毛联合国大会
4513,毛联易
4514,毛联易互动
4515,毛粮食局
4516,毛两腿之间
4517,毛列宁
4518,毛林彪
4519,毛林业局
4520,毛刘　淇
4521,毛刘军
4522,毛刘淇
4523,毛刘少奇
4524,毛刘云山
4525,毛流氓
4526,毛六.四
4527,毛六。四
4528,毛六?四
4529,毛六合彩
4530,毛六四
4531,毛六-四
4532,毛六四事件
4533,毛六四真相
4534,毛龙新民
4535,毛吕秀莲
4536,毛旅游局
4537,毛卵
4538,毛轮功
4539,毛轮奸
4540,毛罗　干
4541,毛罗干
4542,毛骡干
4543,毛妈逼
4544,毛妈比
4545,毛妈卖妈屁
4546,毛妈批
4547,毛妈祖
4548,毛妈B
4549,毛妈的
4550,毛麻醉钢枪
4551,毛麻醉枪
4552,毛麻醉药
4553,毛麻醉乙醚
4554,毛马克思
4555,毛马卖马屁
4556,毛马英九
4557,毛吗啡
4558,毛吗啡碱
4559,毛吗啡片
4560,毛买财富
4561,毛买卖枪支
4562,毛麦角酸
4563,毛卖.国
4564,毛卖B
4565,毛卖ID
4566,毛卖QQ
4567,毛卖逼
4568,毛卖比
4569,毛卖财富
4570,毛卖党求荣
4571,毛卖国
4572,毛卖国求荣
4573,毛卖号
4574,毛卖卡
4575,毛卖软件
4576,毛卖淫
4577,毛毛XX
4578,毛毛厕洞
4579,毛毛一鲜
4580,毛毛泽东
4581,毛毛贼东
4582,毛毛主席
4583,毛梅花网
4584,毛美国
4585,毛美国佬
4586,毛美国之音
4587,毛美利坚
4588,毛蒙尘药
4589,毛蒙独
4590,毛蒙古达子
4591,毛蒙古独立
4592,毛迷魂药
4593,毛迷奸药
4594,毛迷歼药
4595,毛迷药
4596,毛密洞
4597,毛密宗
4598,毛民航局
4599,毛民进党
4600,毛民运
4601,毛民政部
4602,毛明慧网
4603,毛摩门教
4604,毛莫索里尼
4605,毛穆罕默德
4606,毛穆斯林
4607,毛乳头
4608,毛奶子
4609,毛妳老母的
4610,毛妳妈的
4611,毛妳马的
4612,毛妳娘的
4613,毛南联盟
4614,毛南蛮子
4615,毛南蛮子
4616,毛嫩B
4617,毛嫩b
4618,毛伱妈
4619,毛你爸
4620,毛你大爷
4621,毛你二大爷
4622,毛你老母
4623,毛你老味
4624,毛你姥
4625,毛你姥姥的
4626,毛你妈
4627,毛你妈逼
4628,毛你妈的
4629,毛你娘
4630,毛你爷爷的
4631,毛鸟GM
4632,毛鸟Gm
4633,毛鸟gM
4634,毛鸟gm
4635,毛鸟你
4636,毛牛逼
4637,毛牛比
4638,毛农业部
4639,毛虐待
4640,毛拍肩神药
4641,毛喷你
4642,毛彭真
4643,毛皮条
4644,毛屁眼
4645,毛嫖客
4646,毛苹果日报
4647,毛破坏
4648,毛破鞋
4649,毛仆街
4650,毛普京
4651,毛气象局
4652,毛钱其琛
4653,毛枪决女犯
4654,毛枪决现场
4655,毛枪支弹药
4656,毛强奸
4657,毛强奸犯
4658,毛强卫
4659,毛强效失意药
4660,毛强硬发言
4661,毛抢劫
4662,毛乔石
4663,毛侨办
4664,毛切七
4665,毛窃听器
4666,毛窃听器材
4667,毛亲民党
4668,毛青天白日
4669,毛情色
4670,毛去你妈的
4671,毛去死
4672,毛全国人大
4673,毛瘸腿帮
4674,毛人大
4675,毛人大代表
4676,毛人代会
4677,毛人弹
4678,毛人民
4679,毛人民大会堂
4680,毛人民广场
4681,毛人民日报
4682,毛人民银行
4683,毛人体炸弹
4684,毛日GM
4685,毛日Gm
4686,毛日gM
4687,毛日gm
4688,毛日X妈
4689,毛日本RING
4690,毛日本鬼子
4691,毛日你
4692,毛日你妈
4693,毛日你娘
4694,毛日他娘
4695,毛肉棒
4696,毛肉壁
4697,毛肉洞
4698,毛肉缝
4699,毛肉棍
4700,毛肉棍子
4701,毛肉穴
4702,毛乳
4703,毛乳波臀浪
4704,毛乳房
4705,毛乳交
4706,毛乳头
4707,毛撒尿
4708,毛萨达姆
4709,毛塞白
4710,毛塞你爸
4711,毛塞你公
4712,毛塞你老母
4713,毛塞你老师
4714,毛塞你母
4715,毛塞你娘
4716,毛三个呆婊
4717,毛三个代婊
4718,毛三级片
4719,毛三民主义
4720,毛三陪
4721,毛三陪女
4722,毛三去车仑
4723,毛三唑仑
4724,毛骚
4725,毛骚B
4726,毛骚逼
4727,毛骚货
4728,毛骚
4729,毛色情
4730,毛色情电影
4731,毛色情服务
4732,毛色情小电影
4733,毛杀人犯
4734,毛傻B
4735,毛傻屄
4736,毛傻逼
4737,毛傻比
4738,毛傻吊
4739,毛傻卵
4740,毛傻子
4741,毛煞逼
4742,毛商务部
4743,毛上妳
4744,毛上你
4745,毛社.会.正.义.力.量
4746,毛社保基金会
4747,毛社会主义
4748,毛社科院
4749,毛射精
4750,毛身份生成器
4751,毛神经病
4752,毛神通加持法
4753,毛审计署
4754,毛升达毕业证
4755,毛生春袋
4756,毛生孩子没屁眼
4757,毛生鸦片
4758,毛圣女峰
4759,毛湿透的内裤
4760,毛十八摸
4761,毛十年动乱
4762,毛十五周年
4763,毛石进
4764,毛食捻屎
4765,毛食屎
4766,毛驶你爸
4767,毛驶你公
4768,毛驶你老母
4769,毛驶你老师
4770,毛驶你母
4771,毛驶你娘
4772,毛世界日报
4773,毛是鸡
4774,毛手机复制
4775,毛手淫
4776,毛受虐狂
4777,毛售ID
4778,毛售号
4779,毛售软件
4780,毛双峰微颤
4781,毛氵去
4782,毛水利部
4783,毛水去车仑
4784,毛税务总局
4785,毛司法部
4786,毛私服
4787,毛私/服
4788,毛私\\服
4789,毛私服
4790,毛私-服
4791,毛私—服
4792,毛斯大林
4793,毛死gd
4794,毛死GD
4795,毛死gm
4796,毛死GM
4797,毛死全家
4798,毛四川独立
4799,毛四人帮
4800,毛宋楚瑜
4801,毛宋祖英
4802,毛孙文
4803,毛孙逸仙
4804,毛孙中山
4805,毛他爹
4806,毛他妈
4807,毛他妈的
4808,毛他马的
4809,毛他母亲
4810,毛他祖宗
4811,毛台办
4812,毛台独
4813,毛台联
4814,毛台湾党
4815,毛台湾帝国
4816,毛台湾独立
4817,毛台湾共产党
4818,毛台湾共和国
4819,毛台湾狗
4820,毛台湾国
4821,毛台湾民国
4822,毛太监
4823,毛太子党
4824,毛唐家璇
4825,毛特别公告
4826,毛特码
4827,毛体育总局
4828,毛天安门
4829,毛天安门档案
4830,毛天安门录像带
4831,毛天安门事件
4832,毛天安门屠杀
4833,毛天安门一代
4834,毛天鹅之旅
4835,毛天皇
4836,毛天皇陛下
4837,毛田纪云
4838,毛舔西
4839,毛铁道部
4840,毛统计局
4841,毛投毒杀人
4842,毛透视软件
4843,毛透视眼镜
4844,毛推油
4845,毛退党
4846,毛托管理事会
4847,毛外　挂
4848,毛外挂
4849,毛外/挂
4850,毛外\\挂
4851,毛外_挂
4852,毛外挂
4853,毛外-挂
4854,毛外—挂
4855,毛外汇局
4856,毛外交部
4857,毛外专局
4858,毛晚年周恩来
4859,毛万税
4860,毛王八蛋
4861,毛王宝森
4862,毛王刚
4863,毛王昊
4864,毛王乐泉
4865,毛王岐山
4866,毛王太华
4867,毛王兆国
4868,毛王震
4869,毛网管
4870,毛威而钢
4871,毛威而柔
4872,毛卫生部
4873,毛尉健行
4874,毛温加宝
4875,毛温家宝
4876,毛温家保
4877,毛温馨
4878,毛温总理
4879,毛文化部
4880,毛文物局
4881,毛倭国
4882,毛倭寇
4883,毛我操
4884,毛我操你
4885,毛我干
4886,毛我妳老爸
4887,毛我日
4888,毛我日你
4889,毛无界浏览器
4890,毛吴　仪
4891,毛吴邦国
4892,毛吴官正
4893,毛吴仪
4894,毛五星红旗
4895,毛西藏独立
4896,毛西藏天葬
4897,毛希拉克
4898,毛希特勒
4899,毛希望之声
4900,毛洗脑班
4901,毛系统
4902,毛系统公告
4903,毛系统讯息
4904,毛鲜族
4905,毛乡巴佬
4906,毛想上你
4907,毛小鸡鸡
4908,毛小泉
4909,毛小泉纯一郎
4910,毛小日本
4911,毛小肉粒
4912,毛小乳头
4913,毛小穴
4914,毛邪教
4915,毛新党
4916,毛新光明
4917,毛新华内情
4918,毛新华社
4919,毛新疆独立
4920,毛新生网
4921,毛新手指导员
4922,毛新唐人
4923,毛新闻办
4924,毛新闻出版
4925,毛新闻出版署
4926,毛新闻出版总署
4927,毛新闻管制
4928,毛新义安
4929,毛信访局
4930,毛信息产业部
4931,毛兴奋剂
4932,毛性爱
4933,毛性交
4934,毛性虐待
4935,毛性无能
4936,毛性欲
4937,毛徐光春
4938,毛学潮
4939,毛血逼
4940,毛血腥图片
4941,毛巡查员
4942,毛丫的
4943,毛丫头养的
4944,毛鸦片
4945,毛鸦片液
4946,毛鸦片渣
4947,毛烟草局
4948,毛严方军
4949,毛燕玲论坛
4950,毛阳精
4951,毛阳具
4952,毛摇头丸
4953,毛摇头玩
4954,毛耶和华
4955,毛耶苏
4956,毛耶稣
4957,毛叶剑英
4958,毛夜情
4959,毛一党专制
4960,毛一贯道
4961,毛一国两制
4962,毛一夜情
4963,毛一中一台
4964,毛伊拉克
4965,毛伊朗
4966,毛伊斯兰
4967,毛以茎至洞
4968,毛抑制剂
4969,毛阴部
4970,毛阴唇
4971,毛阴道
4972,毛阴蒂
4973,毛阴核
4974,毛阴户
4975,毛阴茎
4976,毛阴毛
4977,毛阴水
4978,毛阴小撕大
4979,毛淫
4980,毛淫荡
4981,毛淫秽
4982,毛淫货
4983,毛淫贱
4984,毛淫叫
4985,毛淫毛
4986,毛淫靡
4987,毛淫水
4988,毛淫娃
4989,毛淫语连连
4990,毛淫欲
4991,毛英雄纪念碑
4992,毛硬挺
4993,毛邮政局
4994,毛游戏发奖员
4995,毛游戏宫理员
4996,毛游戏管理员
4997,毛游行
4998,毛俞正声
4999,毛舆论钳制
5000,毛玉杵
5001,毛欲火焚身
5002,毛原子能机构
5003,骚货
5004,fuck骚
5005,fuck色情
5006,fuck色情电影
5007,fuck色情服务
5008,fuck色情小电影
5009,fuck杀人犯
5010,fuck傻B
5011,fuck傻屄
5012,fuck傻逼
5013,fuck傻比
5014,fuck傻吊
5015,fuck傻卵
5016,fuck傻子
5017,fuck煞逼
5018,fuck商务部
5019,fuck上妳
5020,fuck上你
5021,fuck社.会.正.义.力.量
5022,fuck社保基金会
5023,fuck社会主义
5024,fuck社科院
5025,fuck射精
5026,fuck身份生成器
5027,fuck神经病
5028,fuck神通加持法
5029,fuck审计署
5030,fuck升达毕业证
5031,fuck生春袋
5032,fuck生孩子没屁眼
5033,fuck生鸦片
5034,fuck圣女峰
5035,fuck湿透的内裤
5036,fuck十八摸
5037,fuck十年动乱
5038,fuck十五周年
5039,fuck石进
5040,fuck食捻屎
5041,fuck食屎
5042,fuck驶你爸
5043,fuck驶你公
5044,fuck驶你老母
5045,fuck驶你老师
5046,fuck驶你母
5047,fuck驶你娘
5048,fuck世界日报
5049,fuck是鸡
5050,fuck手机复制
5051,fuck手淫
5052,fuck受虐狂
5053,fuck售ID
5054,fuck售号
5055,fuck售软件
5056,fuck双峰微颤
5057,fuck氵去
5058,fuck水利部
5059,fuck水去车仑
5060,fuck税务总局
5061,fuck司法部
5062,fuck私服
5063,fuck私/服
5064,fuck私\\服
5065,fuck私服
5066,fuck私-服
5067,fuck私—服
5068,fuck斯大林
5069,fuck死gd
5070,fuck死GD
5071,fuck死gm
5072,fuck死GM
5073,fuck死全家
5074,fuck四川独立
5075,fuck四人帮
5076,fuck宋楚瑜
5077,fuck宋祖英
5078,fuck孙文
5079,fuck孙逸仙
5080,fuck孙中山
5081,fuck他爹
5082,fuck他妈
5083,fuck他妈的
5084,fuck他马的
5085,fuck他母亲
5086,fuck他祖宗
5087,fuck台办
5088,fuck台独
5089,fuck台联
5090,fuck台湾党
5091,fuck台湾帝国
5092,fuck台湾独立
5093,fuck台湾共产党
5094,fuck台湾共和国
5095,fuck台湾狗
5096,fuck台湾国
5097,fuck台湾民国
5098,fuck太监
5099,fuck太子党
5100,fuck唐家璇
5101,fuck特别公告
5102,fuck特码
5103,fuck体育总局
5104,fuck天安门
5105,fuck天安门档案
5106,fuck天安门录像带
5107,fuck天安门事件
5108,fuck天安门屠杀
5109,fuck天安门一代
5110,fuck天鹅之旅
5111,fuck天皇
5112,fuck天皇陛下
5113,fuck田纪云
5114,fuck舔西
5115,fuck铁道部
5116,fuck统计局
5117,fuck投毒杀人
5118,fuck透视软件
5119,fuck透视眼镜
5120,fuck推油
5121,fuck退党
5122,fuck托管理事会
5123,fuck外　挂
5124,fuck外挂
5125,fuck外/挂
5126,fuck外\\挂
5127,fuck外_挂
5128,fuck外挂
5129,fuck外-挂
5130,fuck外—挂
5131,fuck外汇局
5132,fuck外交部
5133,fuck外专局
5134,fuck晚年周恩来
5135,fuck万税
5136,fuck王八蛋
5137,fuck王宝森
5138,fuck王刚
5139,fuck王昊
5140,fuck王乐泉
5141,fuck王岐山
5142,fuck王太华
5143,fuck王兆国
5144,fuck王震
5145,fuck网管
5146,fuck威而钢
5147,fuck威而柔
5148,fuck卫生部
5149,fuck尉健行
5150,fuck温加宝
5151,fuck温家宝
5152,fuck温家保
5153,fuck温馨
5154,fuck温总理
5155,fuck文化部
5156,fuck文物局
5157,fuck倭国
5158,fuck倭寇
5159,fuck我操
5160,fuck我操你
5161,fuck我干
5162,fuck我妳老爸
5163,fuck我日
5164,fuck我日你
5165,fuck无界浏览器
5166,fuck吴　仪
5167,fuck吴邦国
5168,fuck吴官正
5169,fuck吴仪
5170,fuck五星红旗
5171,fuck西藏独立
5172,fuck西藏天葬
5173,fuck希拉克
5174,fuck希特勒
5175,fuck希望之声
5176,fuck洗脑班
5177,fuck系统
5178,fuck系统公告
5179,fuck系统讯息
5180,fuck鲜族
5181,fuck乡巴佬
5182,fuck想上你
5183,fuck小鸡鸡
5184,fuck小泉
5185,fuck小泉纯一郎
5186,fuck小日本
5187,fuck小肉粒
5188,fuck小乳头
5189,fuck小穴
5190,fuck邪教
5191,fuck新党
5192,fuck新光明
5193,fuck新华内情
5194,fuck新华社
5195,fuck新疆独立
5196,fuck新生网
5197,fuck新手指导员
5198,fuck新唐人
5199,fuck新闻办
5200,fuck新闻出版
5201,fuck新闻出版署
5202,fuck新闻出版总署
5203,fuck新闻管制
5204,fuck新义安
5205,fuck信访局
5206,fuck信息产业部
5207,fuck兴奋剂
5208,fuck性爱
5209,fuck性交
5210,法轮功
5211,江泽民
5212,胡锦涛
5213,温家宝
5214,urban-rivals
5215,rivals
5216,u r
5217,ur
5218,我日
5219,UR
5220,ur
5221,性交
5222,口交
5223,U R
5224,taobao
5225,webgame.com.cn
5226,婊子
5227,妓女
5228,他妈
5229,她妈
5230,牛逼
5231,牛比
5232,牛B
5233,煞笔
5234,傻逼
5235,傻B
5236,八仙
5237,八仙
5238,八仙
5239,eight仙
5240,∪R
5241,混沌诀
5242,混沌
5243,你妈
5244,操你妈
5245,装逼
5246,装B
5247,日你妈
5248,不玩了
5249,删号
5250,卖号
5251,垃圾游戏
5252,烂游戏
5253,删号
5254,妈的
5255,妈逼
5256,草你妈
5257,T.M.D
5258,JB
5259,jb
5260,淘宝
5261,出售账号
5262,出售此号
5263,卖号
5264,U/R
5265,U-R
5266,c a o
5267,j8
5268,吗的
5269,8仙
5270,狗日
5271,出售神符
5272,色情
5273,黄色
5274,h站
5275,龙虎
5276,虎门
5277,龙虎门
5278,WEB牌戰
5279,WEB战牌
5280,战牌
5281,8 仙
5282,ＵＲ
5283,ur
5284,UR
5285,街头对抗
5286,藏独
5287,台独
5288,法轮大法
5289,混沌决
5290,ur
5291,UR
5292,urban
5293,鸡巴
5294,毛泽东
5295,NPC
5296,a$$hole
5297,a$shole
5298,Admin
5299,as$hole
5300,ASS
5301,asshole
5302,bastard
5303,bbscity
5304,beijingspring
5305,bignews
5306,bitch
5307,Bitch
5308,bjzc
5309,boxun
5310,bt
5311,butthead
5312,cctv
5313,CCTV
5314,cdjp
5315,chengmingmag
5316,chinesenewsweek
5317,cunt
5318,dajiyuan
5319,damm
5320,damn
5321,dick
5322,Dick
5323,DICK
5324,epochtimes
5325,F.L.G
5326,falun
5327,fawanghuihui
5328,fgmtv
5329,flg
5330,FLG
5331,fofg
5332,做爱
5333,坐台的
5334,作爱
5335,总理
5336,总局
5337,宗教
5338,自治机关
5339,自制手枪
5340,自由之门
5341,自由亚洲电台
5342,自杀指南
5343,自杀手册
5344,自焚
5345,子女任职名单
5346,追查国际
5347,装逼
5348,装逼
5349,装屄
5350,装B
5351,转法轮
5352,转法轮
5353,主席
5354,猪容基
5355,猪操
5356,朱总理
5357,朱镕基
5358,朱熔基
5359,朱容基
5360,朱容鸡
5361,朱德
5362,周总理
5363,周永康
5364,周恩来
5365,中医药局
5366,中央政治局
5367,中央电视台
5368,中央
5369,中宣部
5370,中南海
5371,中科院
5372,中华人民共和国
5373,中华民国
5374,中国恐怖组织
5375,中国共产党
5376,中国
5377,中共中央
5378,中共
5379,致幻剂
5380,质检局
5381,指导员
5382,值勤账号
5383,值勤
5384,政协
5385,政变
5386,证监会
5387,正悟网
5388,正清网
5389,正见网
5390,镇压
5391,真善忍
5392,真理教
5393,侦探设备
5394,赵紫阳
5395,张小平
5396,张立昌
5397,张磊
5398,张德江
5399,张潮阳
5400,张朝阳
5401,战牌
5402,扎卡维是英雄
5403,扎卡维是英雄
5404,扎卡维
5405,曾庆红
5406,曾培炎
5407,造反
5408,杂种
5409,月经不调
5410,月经
5411,月经
5412,曰你
5413,曰GM
5414,曰Gm
5415,曰gM
5416,曰gm
5417,远程偷拍
5418,援交
5419,原子能机构
5420,欲火焚身
5421,玉杵
5422,舆论钳制
5423,俞正声
5424,游行
5425,游戏管理员
5426,游戏宫理员
5427,游戏发奖员
5428,邮政局
5429,硬挺
5430,英雄纪念碑
5431,淫欲
5432,淫语连连
5433,淫娃
5434,淫水
5435,淫靡
5436,淫毛
5437,淫叫
5438,淫贱
5439,淫货
5440,淫秽
5441,淫荡
5442,淫
5443,阴小撕大
5444,阴水
5445,阴毛
5446,阴茎
5447,阴户
5448,阴核
5449,阴蒂
5450,阴道
5451,阴唇
5452,阴部
5453,抑制剂
5454,以茎至洞
5455,伊斯兰
5456,伊朗
5457,伊拉克
5458,一中一台
5459,一夜情
5460,一国两制
5461,一贯道
5462,一党专制
5463,夜情
5464,叶剑英
5465,耶稣
5466,耶苏
5467,耶和华
5468,摇头玩
5469,摇头丸
5470,阳具
5471,阳精
5472,燕玲论坛
5473,严方军
5474,严方军
5475,烟草局
5476,鸦片渣
5477,鸦片液
5478,鸦片
5479,丫头养的
5480,丫的
5481,巡查员
5482,血腥图片
5483,血逼
5484,学潮
5485,徐光春
5486,性欲
5487,性无能
5488,性虐待
5489,性交
5490,性交
5491,性爱
5492,兴奋剂
5493,信息产业部
5494,信息
5495,信访局
5496,新义安
5497,新闻管制
5498,新闻出版总署
5499,新闻出版署
5500,新闻出版
5501,新闻办
5502,新唐人
5503,新手指导员
5504,新生网
5505,新疆独立
5506,新华社
5507,新华内情
5508,新光明
5509,新党
5510,邪教
5511,小穴
5512,小乳头
5513,小肉粒
5514,小日本
5515,小泉纯一郎
5516,小泉
5517,小鸡鸡
5518,想上你
5519,乡巴佬
5520,鲜族
5521,系统讯息
5522,系统公告
5523,系统
5524,洗脑班
5525,希望之声
5526,希特勒
5527,希拉克
5528,西藏天葬
5529,西藏独立
5530,五星红旗
5531,吴仪
5532,吴官正
5533,吴邦国
5534,吴　仪
5535,无界浏览器
5536,我日你
5537,我日
5538,我日
5539,我妳老爸
5540,我干
5541,我操你
5542,我操
5543,我操
5544,倭寇
5545,倭国
5546,文物局
5547,文化部
5548,温总理
5549,温馨
5550,温家保
5551,温家宝
5552,温家宝
5553,温家宝
5554,温加宝
5555,尉健行
5556,卫生部
5557,威而柔
5558,威而钢
5559,网管
5560,王震
5561,王兆国
5562,王太华
5563,王岐山
5564,王乐泉
5565,王昊
5566,王刚
5567,王宝森
5568,王八蛋
5569,万税
5570,晚年周恩来
5571,外专局
5572,外交部
5573,外汇局
5574,外—挂
5575,外-挂
5576,外挂
5577,外挂
5578,外_挂
5579,外\\挂
5580,外/挂
5581,外　挂
5582,托管理事会
5583,退党
5584,推油
5585,透视眼镜
5586,透视软件
5587,投毒杀人
5588,统计局
5589,铁道部
5590,舔西
5591,田纪云
5592,天皇陛下
5593,天皇
5594,天鹅之旅
5595,天安门一代
5596,天安门屠杀
5597,天安门事件
5598,天安门录像带
5599,天安门档案
5600,天安门
5601,体育总局
5602,特码
5603,特别公告
5604,淘宝
5605,唐家璇
5606,太子党
5607,太监
5608,台湾民国
5609,台湾国
5610,台湾狗
5611,台湾共和国
5612,台湾共产党
5613,台湾独立
5614,台湾帝国
5615,台湾党
5616,台联
5617,台独
5618,台独
5619,台办
5620,他祖宗
5621,他母亲
5622,他马的
5623,他妈的
5624,他妈的
5625,他妈
5626,他妈
5627,他爹
5628,孙中山
5629,孙逸仙
5630,孙文
5631,宋祖英
5632,宋楚瑜
5633,四人帮
5634,四川独立
5635,死全家
5636,死gm
5637,死GM
5638,死gd
5639,死GD
5640,斯大林
5641,私—服
5642,私-服
5643,私服
5644,私服
5645,私\\服
5646,私/服
5647,司法部
5648,税务总局
5649,水去车仑
5650,水利部
5651,氵去
5652,双峰微颤
5653,售软件
5654,售号
5655,售ID
5656,受虐狂
5657,手淫
5658,手机复制
5659,是鸡
5660,世界日报
5661,驶你娘
5662,驶你母
5663,驶你老师
5664,驶你老母
5665,驶你公
5666,驶你爸
5667,食屎
5668,食捻屎
5669,石进
5670,十五周年
5671,十年动乱
5672,十八摸
5673,湿透的内裤
5674,圣女峰
5675,生鸦片
5676,生孩子没屁眼
5677,生春袋
5678,升达毕业证
5679,审计署
5680,神通加持法
5681,神经病
5682,身份生成器
5683,射精
5684,社科院
5685,社会主义
5686,社保基金会
5687,社.会.正.义.力.量
5688,上你
5689,上妳
5690,商务部
5691,删号
5692,删号
5693,煞笔
5694,煞笔
5695,煞逼
5696,傻子
5697,傻卵
5698,傻吊
5699,傻比
5700,傻逼
5701,傻逼
5702,傻屄
5703,傻B
5704,傻B
5705,傻B
5706,杀人犯
5707,色情小电影
5708,色情服务
5709,色情电影
5710,色情
5711,色情
5712,骚货
5713,骚逼
5714,骚B
5715,骚
5716,骚
5717,三唑仑
5718,三去车仑
5719,三陪女
5720,三陪
5721,三民主义
5722,三级片
5723,三个代婊
5724,三个呆婊
5725,塞你娘
5726,塞你母
5727,塞你老师
5728,塞你老母
5729,塞你公
5730,塞你爸
5731,塞白
5732,萨达姆
5733,撒尿
5734,乳头
5735,乳头
5736,乳交
5737,乳房
5738,乳波臀浪
5739,乳
5740,肉穴
5741,肉棍子
5742,肉棍
5743,肉缝
5744,肉洞
5745,肉壁
5746,肉棒
5747,日他娘
5748,日你娘
5749,日你妈
5750,日你妈
5751,日你
5752,日本鬼子
5753,日本RING
5754,日X妈
5755,日GM
5756,日Gm
5757,日gM
5758,日gm
5759,人体炸弹
5760,人民银行
5761,人民日报
5762,人民广场
5763,人民大会堂
5764,人民
5765,人弹
5766,人代会
5767,人大代表
5768,人大
5769,瘸腿帮
5770,全国人大
5771,去死
5772,去你妈的
5773,情色
5774,青天白日
5775,亲民党
5776,窃听器材
5777,窃听器
5778,切七
5779,侨办
5780,乔石
5781,抢劫
5782,强硬发言
5783,强效失意药
5784,强卫
5785,强奸犯
5786,强奸
5787,枪支弹药
5788,枪决现场
5789,枪决女犯
5790,钱其琛
5791,气象局
5792,普京
5793,仆街
5794,破鞋
5795,破坏
5796,苹果日报
5797,嫖客
5798,屁眼
5799,皮条
5800,彭真
5801,喷你
5802,拍肩神药
5803,虐待
5804,农业部
5805,牛比
5806,牛比
5807,牛逼
5808,牛逼
5809,牛B
5810,鸟你
5811,鸟GM
5812,鸟Gm
5813,鸟gM
5814,鸟gm
5815,你爷爷的
5816,你娘
5817,你妈的
5818,你妈逼
5819,你妈
5820,你妈
5821,你姥姥的
5822,你姥
5823,你老味
5824,你老母
5825,你二大爷
5826,你大爷
5827,你爸
5828,伱妈
5829,嫩B
5830,嫩b
5831,南蛮子
5832,南蛮子
5833,南联盟
5834,妳娘的
5835,妳马的
5836,妳妈的
5837,妳老母的
5838,奶子
5839,穆斯林
5840,穆罕默德
5841,莫索里尼
5842,摩门教
5843,明慧网
5844,民政部
5845,民运
5846,民进党
5847,民航局
5848,密宗
5849,密洞
5850,迷药
5851,迷歼药
5852,迷奸药
5853,迷魂药
5854,蒙古独立
5855,蒙古达子
5856,蒙独
5857,蒙尘药
5858,美利坚
5859,美国之音
5860,美国佬
5861,美国
5862,梅花网
5863,毛主席
5864,毛贼东
5865,毛泽东
5866,毛泽东
5867,毛一鲜
5868,毛厕洞
5869,毛XX
5870,卖淫
5871,卖软件
5872,卖卡
5873,卖号
5874,卖号
5875,卖号
5876,卖国求荣
5877,卖国
5878,卖党求荣
5879,卖财富
5880,卖比
5881,卖逼
5882,卖QQ
5883,卖ID
5884,卖B
5885,卖.国
5886,麦角酸
5887,买卖枪支
5888,买财富
5889,吗啡片
5890,吗啡碱
5891,吗啡
5892,吗的
5893,马英九
5894,马卖马屁
5895,马克思
5896,麻醉乙醚
5897,麻醉药
5898,麻醉枪
5899,麻醉钢枪
5900,妈祖
5901,妈批
5902,妈卖妈屁
5903,妈的
5904,妈的
5905,妈比
5906,妈逼
5907,妈逼
5908,妈B
5909,骡干
5910,罗干
5911,罗　干
5912,轮奸
5913,轮功
5914,卵
5915,旅游局
5916,吕秀莲
5917,龙新民
5918,龙虎
5919,龙虎门
5920,六四真相
5921,六四事件
5922,六-四
5923,六四
5924,六合彩
5925,六?四
5926,六。四
5927,六.四
5928,流氓
5929,刘云山
5930,刘少奇
5931,刘淇
5932,刘军
5933,刘　淇
5934,领取
5935,林业局
5936,林彪
5937,列宁
5938,两腿之间
5939,粮食局
5940,联易互动
5941,联易
5942,联合国大会
5943,联合国
5944,联大
5945,连战
5946,李先念
5947,李铁映
5948,李山
5949,李瑞环
5950,李鹏*
5951,李鹏
5952,李岚清
5953,李洪志
5954,李宏志
5955,李宏旨
5956,李红志
5957,李弘旨
5958,李登辉
5959,李长春
5960,礼品
5961,黎阳评
5962,老母
5963,老毛子
5964,老逼
5965,劳动保障部
5966,劳+教+所
5967,烂游戏
5968,烂货
5969,烂屌
5970,烂比
5971,烂逼
5972,烂屄
5973,烂B
5974,懒教
5975,拉姆斯菲尔德
5976,拉登
5977,垃圾游戏
5978,狂操你全家
5979,狂操
5980,寇晓伟
5981,口交
5982,口交
5983,恐怖主义
5984,恐怖份子
5985,客户服务人员
5986,客服
5987,克林顿
5988,可卡因
5989,可卡叶
5990,可待因
5991,靠腰
5992,靠你妈
5993,靠
5994,尻
5995,抗日
5996,看棋软件
5997,看棋器
5998,看牌软件
5999,看牌器
6000,军委
6001,军事委员会
6002,军妓
6003,军国主义
6004,军长发威
6005,鸠屎
6006,鸠
6007,纠察员
6008,静坐
6009,靖国神社
6010,敬国神社
6011,警匪一家
6012,精子
6013,精液
6014,经社理事会
6015,经济社会理事会
6016,禁书
6017,金正日
6018,金日成
6019,届中央政治局委员
6020,她妈的
6021,她妈
6022,街头对抗
6023,教育部
6024,叫小姐
6025,叫鸡
6026,叫床
6027,姣西
6028,交通部
6029,酱猪媳
6030,蒋中正
6031,蒋经国
6032,蒋介石
6033,疆独
6034,僵贼民
6035,江主席
6036,江猪媳
6037,江猪
6038,江折民
6039,江贼民
6040,江泽民
6041,江泽民
6042,江泽民
6043,江择民
6044,江戏子
6045,江青
6046,江核心
6047,江独裁
6048,江八点
6049,江八
6050,江Core
6051,贱人
6052,贱货
6053,贱逼
6054,贱
6055,建设部
6056,检察院
6057,监听王
6058,监管局
6059,监察部
6060,奸淫
6061,奸你
6062,奸夫淫妇
6063,奸
6064,贾庆林
6065,佳静安定片
6066,妓院
6067,妓女
6068,妓女
6069,妓
6070,计生委
6071,计牌软件
6072,几届中央政治局委员
6073,激情小电影
6074,激情电影
6075,基督教
6076,基督
6077,基地组织
6078,鸡奸
6079,鸡鸡
6080,鸡掰
6081,鸡芭
6082,鸡叭
6083,鸡巴
6084,鸡巴
6085,鸡巴
6086,鸡八
6087,鸡
6088,机巴
6089,机八
6090,火棒
6091,混沌诀
6092,混沌
6093,混沌决
6094,昏药
6095,回族人吃猪肉
6096,回民暴动
6097,回良玉
6098,回教
6099,回回
6100,黄色小电影
6101,黄色电影
6102,黄色
6103,黄菊
6104,黄　菊
6105,换妻
6106,环保总局
6107,欢城互动
6108,欢城
6109,华建敏
6110,华国锋
6111,花柳
6112,虎门
6113,胡主席
6114,胡耀邦
6115,胡乔木
6116,胡锦淘
6117,胡锦涛
6118,胡锦涛
6119,胡锦涛
6120,胡紧套
6121,胡紧掏
6122,胡紧涛
6123,胡XX
6124,后庭
6125,洪志
6126,洪兴
6127,红卫兵
6128,黑手党
6129,黑手党
6130,黑手党
6131,黑社会
6132,贺龙
6133,贺国强
6134,何候华
6135,海洋局
6136,海洛因
6137,海关总署
6138,哈批
6139,国资委
6140,国研室
6141,国务院
6142,国土资源部
6143,国民党万岁
6144,国民党
6145,国家主要部委
6146,国家主席
6147,国家民委
6148,国际法院
6149,国管局
6150,国防科工委
6151,国防部
6152,国安局
6153,郭伯雄
6154,滚
6155,鬼村
6156,龟头
6157,龟孙子
6158,龟公
6159,龟儿子
6160,广电局
6161,光明日报
6162,管理员
6163,管理员
6164,管理人员
6165,官商勾结
6166,官逼民反
6167,观世音
6168,古方迷香
6169,狗养
6170,狗屎
6171,狗日的
6172,狗日
6173,狗日
6174,狗屁
6175,狗娘
6176,狗卵
6177,狗操
6178,狗b
6179,共青团员
6180,共狗
6181,共匪
6182,共产主义
6183,共产党
6184,共产党
6185,共产党
6186,公安局
6187,公安部
6188,公安
6189,弓虽女干
6190,工作人员
6191,工商局
6192,工力
6193,膏药旗
6194,睾丸
6195,睾
6196,高校骚乱
6197,高校群体事件
6198,高校暴乱
6199,高丽棒子
6200,高俊
6201,港澳办
6202,肛门
6203,肛交
6204,肛
6205,干死你
6206,干七八
6207,干你娘
6208,干你妈逼
6209,干你妈b
6210,干你妈
6211,干你
6212,干妳娘
6213,干妳妈
6214,干妳老母
6215,干妳
6216,干拎娘
6217,干GM
6218,干Gm
6219,干gM
6220,干gm
6221,傅作义
6222,傅鹏
6223,阝月
6224,斧头镰刀
6225,佛祖
6226,佛展千手法
6227,佛教
6228,分裂祖国
6229,反政府
6230,反日
6231,反恐委员会
6232,反华
6233,反共
6234,反革命
6235,反封锁技术
6236,反动
6237,法制办
6238,法西斯
6239,法轮功
6240,法轮功
6241,法轮大法
6242,法轮大法
6243,法轮
6244,法仑
6245,法愣
6246,法功
6247,法*轮*功
6248,法(轮)功
6249,发正念
6250,发展研究中心
6251,发骚
6252,发论功
6253,发论公
6254,发论
6255,发轮
6256,发伦功
6257,发伦
6258,发抡功
6259,发抡
6260,发奖使者
6261,发改委
6262,二乙基酰胺
6263,二逼
6264,二屄
6265,二B
6266,恩格斯
6267,恶搞晚会
6268,多维周刊
6269,多维新闻
6270,多维网
6271,多维社
6272,对日强硬
6273,短信群发器
6274,独立台湾会
6275,独立
6276,懂文华
6277,董文华
6278,董贱华
6279,董建华
6280,东亚病夫
6281,东突组织
6282,东突暴动和独立
6283,东突
6284,东条英机
6285,东升
6286,东北独立
6287,丁子霖
6288,丁关根
6289,调理劳务系
6290,钓鱼台
6291,屌西
6292,屌七
6293,屌妳
6294,屌毛
6295,屌鸠
6296,屌7
6297,屌
6298,叼你妈
6299,叼你
6300,电监会
6301,帝国主义
6302,帝国主义
6303,弟大物勃
6304,地震局
6305,邓小平
6306,道教
6307,盗窃犯
6308,盗窃犯
6309,档案局
6310,荡妇
6311,党主席
6312,戴维教
6313,戴维教
6314,戴晶
6315,戴红
6316,戴海静
6317,代表大会
6318,呆卵
6319,大血比
6320,大血B
6321,大学骚乱
6322,大师
6323,大麻油
6324,大麻树脂
6325,大麻
6326,大纪元
6327,大会堂
6328,大花B
6329,大法弟子
6330,大法
6331,大东亚共荣
6332,大波波
6333,大便
6334,大逼
6335,大B
6336,大*FA弟*子
6337,打炮
6338,达赖喇嘛
6339,达赖
6340,催情药
6341,粗制吗啡
6342,戳你
6343,蠢猪
6344,春药
6345,吹箫
6346,吹喇叭
6347,出售账号
6348,出售手枪
6349,出售神符
6350,出售枪支
6351,出售假币
6352,出售此号
6353,臭化西
6354,抽你丫的
6355,抽插
6356,赤匪
6357,迟浩田
6358,吃屎
6359,吃大便
6360,成人片
6361,成人电影
6362,陈至立
6363,陈毅
6364,陈晓宁
6365,陈希同
6366,陈水扁
6367,陈良宇
6368,陈功
6369,车仑
6370,车臣
6371,朝鲜
6372,产权局
6373,插深些
6374,插你妈
6375,插你
6376,插妳
6377,插GM
6378,插Gm
6379,插gM
6380,插gm
6381,测绘局
6382,肏
6383,草拟妈
6384,草你妈
6385,草你妈
6386,草妈
6387,草的你妈
6388,曹刚川
6389,操他
6390,操你妈屄
6391,操你妈
6392,操你妈
6393,操你八辈祖宗
6394,操你
6395,操蛋
6396,操比
6397,操逼
6398,操XX
6399,操GM
6400,操Gm
6401,操gM
6402,操gm
6403,操
6404,藏独
6405,藏独
6406,藏独
6407,藏独
6408,参事室
6409,财政部
6410,布什
6411,布什
6412,布雷尔
6413,布莱尔
6414,不玩了
6415,薄一波
6416,博讯
6417,波霸
6418,冰毒
6419,宾周
6420,婊子
6421,婊子
6422,婊
6423,比毛
6424,逼样
6425,逼你老母
6426,逼毛
6427,屄毛
6428,屄
6429,笨逼
6430,笨屄
6431,苯比
6432,本?拉登
6433,本?拉登
6434,贝肉
6435,北京之春
6436,暴徒
6437,暴乱
6438,暴动
6439,鲍岳桥
6440,鸨
6441,保密局
6442,保监会
6443,保钓
6444,包皮
6445,办理证件
6446,办理文凭
6447,八仙
6448,八九风波
6449,八九
6450,八仙
6451,八仙
6452,澳洲光明网
6453,安全局
6454,安南
6455,zhongguohun
6456,zhengwunet
6457,zhengqing
6458,zhengjian
6459,yuanmingxinsheng
6460,xinguangming
6461,WG
6462,wg
6463,WG
6464,Wg
6465,wG
6466,wg
6467,urTNND
6468,tnnd
6469,TMD
6470,TMD
6471,tmd
6472,taobao
6473,T.M.D
6474,SUCK
6475,suck
6476,Suck
6477,soundofhope
6478,snatch
6479,SM
6480,shyt
6481,SHIT
6482,shit
6483,shengda
6484,sh!t
6485,sf
6486,sex
6487,sega
6488,secretchina
6489,screw
6490,SB
6491,sb
6492,rivals
6493,ri
6494,renminbao
6495,PUSSY
6496,pussy
6497,piss
6498,phuc
6499,penis
6500,peacehall
6501,orgasmus
6502,on9
6503,ON9
6504,NPC
6505,NND
6506,nnd
6507,NMD
6508,minhui
6509,mingpaonews
6510,K粉
6511,kao
6512,JB
6513,jb
6514,JB
6515,jb
6516,j8
6517,h站
6518,Gm
6519,gM
6520,gm
6521,GM
6522,globalrescue
6523,gc365
6524,gamemaster
6525,GAMEMASTER
6526,gameMASTER
6527,GAMEmaster
6528,GameMaster
6529,GAMEMASTER
6530,GameMaste
6531,fvc
6532,fv(
6533,fuk
6534,FUCKYOU
6535,fuckyou
6536,fuck
6537,Fuck
6538,fuck
6539,FUCK
6540,fuc
6541,fu(
6542,fosaon
6543,fofg
6544,flg
6545,FLG
6546,fgmtv
6547,fawanghuihui
6548,falun
6549,F.L.G
6550,epochtime
6551,dick
6552,Dick
6553,DICK
6554,damn
6555,damm
6556,dajiyuan
6557,cunt
6558,chinesenewsweek
6559,chengmingmag
6560,cdjp
6561,cctv
6562,CCTV
6563,cao
6564,cao
6565,butthole
6566,butthead
6567,bt
6568,boxun
6569,bjzc
6570,bitch
6571,Bitch
6572,bignews
6573,beijingspring
6574,bbscity
6575,bastard
6576,asshole
